Model Pair,Grid ID,Remapped Grid ID,Config ID,Run ID,System Prompt,Context,Fog of War,Other Player Visible,Grid,Bucket,Sub-stratum,Pay4Partner,Contract Type,Contract Only,Negotiation Internal Reasoning,Total Turns,Format Errors,Format Errors P-Red,Format Errors P-Blue,Format Errors Judge,Non-Cooperative Baseline P-Red,Non-Cooperative Baseline P-Blue,Joint Reward,Reward P-Red,Reward P-Blue,Gini,Max Possible Reward,Reached Goal P-Red,Reached Goal P-Blue,Total Trades Proposed,Total Trades Proposed P-Red,Total Trades Proposed P-Blue,Total Trades Accepted,Total Trades Accepted P-Red,Total Trades Accepted P-Blue,Total Trades Rejected,Total Trades Rejected P-Red,Total Trades Rejected P-Blue,amount_received_by_P-Red_from_trades,amount_received_by_P-Blue_from_trades,total_trades_failed,Total P4P Arrangements Proposed,Total P4P Arrangements Proposed P-Red,Total P4P Arrangements Proposed P-Blue,Total P4P Arrangements Accepted,Total P4P Arrangements Accepted P-Red,Total P4P Arrangements Accepted P-Blue,Total P4P Arrangements Rejected,Total P4P Arrangements Rejected P-Red,Total P4P Arrangements Rejected P-Blue,Total P4P Promises Kept,Total P4P Promises Kept P-Red,Total P4P Promises Kept P-Blue,Total P4P Promises Broken,Total P4P Promises Broken P-Red,Total P4P Promises Broken P-Blue,Total P4P Amounts Promised to Receive,Total P4P Amounts Promised to Receive P-Red,Total P4P Amounts Promised to Receive P-Blue,Total P4P Amounts Received,Total P4P Amounts Received P-Red,Total P4P Amounts Received P-Blue,contract_accepted,contract_negotiaion_length,num_tiles_in_contract,num_tiles_promised_to_receive_from_contract_P-Red,num_tiles_promised_to_receive_from_contract_P-Blue,moves_made_under_strict_contract_P-Red,moves_made_under_strict_contract_P-Blue,contract_moves_blocked_by_partner_shortfall_P-Red,contract_moves_blocked_by_partner_shortfall_P-Blue,points_for_completion_promised_to_P-Red,points_for_completion_promised_to_P-Blue,parity_trades_offered_P-Red,parity_trades_offered_P-Blue,parity_trades_accepted_P-Red,parity_trades_accepted_P-Blue,parity_trades_rejected_P-Red,parity_trades_rejected_P-Blue,extractive_trades_offered_P-Red,extractive_trades_offered_P-Blue,extractive_trades_accepted_P-Red,extractive_trades_accepted_P-Blue,extractive_trades_rejected_P-Red,extractive_trades_rejected_P-Blue,concessionary_trades_offered_P-Red,concessionary_trades_offered_P-Blue,concessionary_trades_accepted_P-Red,concessionary_trades_accepted_P-Blue,concessionary_trades_rejected_P-Red,concessionary_trades_rejected_P-Blue,B Min Trades Path,B Max Trades Path,R Min Trades Path,R Max Trades Path,Trade Asymmetry
FOUR_1-FOUR_1,80,20,ctx1_fog00_p4ptrue_contract_contract_for_finishing_selfish11_contractonly_nir,20260531_173519_281578_ca1812b3,default,True,"[False, False]","[True, True]","[['G', 'R', 'B', 'B'], ['R', 'R', 'B', 'R'], ['B', 'B', 'R', 'B'], ['R', 'R', 'B', 'G']]",Mutual Dependency,"MD (2,2)",True,contract_for_finishing,True,True,1,0,0,0,0,0,0,0,0,0,0,140,False,False,0,0,0,0,0,0,0,0,0,0,0,0,0,0,0,0,0,0,0,0,0,0,0,0,0,0,0,0,0,0,0,0,0,1,3,,0,0,0,0,0,0,10,10,0,0,0,0,0,0,0,0,0,0,0,0,0,0,0,0,0,0,2,3,2,3,0
FOUR_1-FOUR_1,80,20,ctx1_fog00_p4ptrue_contract_contract_for_finishing_selfish11_opv00_contractonly_nir,20260531_222521_519594_0688a51a,default,True,"[False, False]","[False, False]","[['G', 'R', 'B', 'B'], ['R', 'R', 'B', 'R'], ['B', 'B', 'R', 'B'], ['R', 'R', 'B', 'G']]",Mutual Dependency,"MD (2,2)",True,contract_for_finishing,True,True,1,0,0,0,0,0,0,0,0,0,0,140,False,False,0,0,0,0,0,0,0,0,0,0,0,0,0,0,0,0,0,0,0,0,0,0,0,0,0,0,0,0,0,0,0,0,0,1,4,,0,0,0,0,0,0,0,0,0,0,0,0,0,0,0,0,0,0,0,0,0,0,0,0,0,0,2,3,2,3,0
FOUR_1-FOUR_1,80,20,ctx1_fog00_p4ptrue_contract_strict_selfish11_contractonly_nir,20260531_173501_000776_ecedf75b,default,True,"[False, False]","[True, True]","[['G', 'R', 'B', 'B'], ['R', 'R', 'B', 'R'], ['B', 'B', 'R', 'B'], ['R', 'R', 'B', 'G']]",Mutual Dependency,"MD (2,2)",True,strict,True,True,1,0,0,0,0,0,0,0,0,0,0,140,False,False,0,0,0,0,0,0,0,0,0,0,0,0,0,0,0,0,0,0,0,0,0,0,0,0,0,0,0,0,0,0,0,0,0,1,2,4.0,2,2,0,0,0,0,0,0,0,0,0,0,0,0,0,0,0,0,0,0,0,0,0,0,0,0,2,3,2,3,0
FOUR_1-FOUR_1,80,20,ctx1_fog00_p4ptrue_contract_strict_selfish11_opv00_contractonly_nir,20260531_173500_999612_d7ea8b3d,default,True,"[False, False]","[False, False]","[['G', 'R', 'B', 'B'], ['R', 'R', 'B', 'R'], ['B', 'B', 'R', 'B'], ['R', 'R', 'B', 'G']]",Mutual Dependency,"MD (2,2)",True,strict,True,True,1,0,0,0,0,0,0,0,0,0,0,140,False,False,0,0,0,0,0,0,0,0,0,0,0,0,0,0,0,0,0,0,0,0,0,0,0,0,0,0,0,0,0,0,0,0,0,1,2,4.0,2,2,0,0,0,0,0,0,0,0,0,0,0,0,0,0,0,0,0,0,0,0,0,0,0,0,2,3,2,3,0
FOUR_1-FOUR_1,80,20,ctx1_fog00_p4ptrue_contract_tile_with_judge_implementation_selfish11_contractonly_nir,20260531_173621_696463_928f5cd9,default,True,"[False, False]","[True, True]","[['G', 'R', 'B', 'B'], ['R', 'R', 'B', 'R'], ['B', 'B', 'R', 'B'], ['R', 'R', 'B', 'G']]",Mutual Dependency,"MD (2,2)",True,tile_with_judge_implementation,True,True,1,0,0,0,0,0,0,0,0,0,0,140,False,False,0,0,0,0,0,0,0,0,0,0,0,0,0,0,0,0,0,0,0,0,0,0,0,0,0,0,0,0,0,0,0,0,0,1,3,,0,0,0,0,0,0,0,0,0,0,0,0,0,0,0,0,0,0,0,0,0,0,0,0,0,0,2,3,2,3,0
FOUR_1-FOUR_1,80,20,ctx1_fog00_p4ptrue_contract_tile_with_judge_implementation_selfish11_opv00_contractonly_nir,20260531_173603_645045_c1cdf5f2,default,True,"[False, False]","[False, False]","[['G', 'R', 'B', 'B'], ['R', 'R', 'B', 'R'], ['B', 'B', 'R', 'B'], ['R', 'R', 'B', 'G']]",Mutual Dependency,"MD (2,2)",True,tile_with_judge_implementation,True,True,1,0,0,0,0,0,0,0,0,0,0,140,False,False,0,0,0,0,0,0,0,0,0,0,0,0,0,0,0,0,0,0,0,0,0,0,0,0,0,0,0,0,0,0,0,0,0,1,2,,0,0,0,0,0,0,0,0,0,0,0,0,0,0,0,0,0,0,0,0,0,0,0,0,0,0,2,3,2,3,0
FOUR_1-FOUR_1,81,21,ctx1_fog00_p4ptrue_contract_contract_for_finishing_selfish11_contractonly_nir,20260531_173837_220926_3b881637,default,True,"[False, False]","[True, True]","[['G', 'B', 'B', 'B'], ['B', 'B', 'B', 'R'], ['B', 'R', 'R', 'R'], ['R', 'R', 'R', 'G']]",Mutual Dependency,"MD (2,2)",True,contract_for_finishing,True,True,1,0,0,0,0,0,0,0,0,0,0,140,False,False,0,0,0,0,0,0,0,0,0,0,0,0,0,0,0,0,0,0,0,0,0,0,0,0,0,0,0,0,0,0,0,0,0,1,2,,0,0,0,0,0,0,0,0,0,0,0,0,0,0,0,0,0,0,0,0,0,0,0,0,0,0,2,3,2,3,0
FOUR_1-FOUR_1,81,21,ctx1_fog00_p4ptrue_contract_contract_for_finishing_selfish11_opv00_contractonly_nir,20260531_173757_555910_0fece878,default,True,"[False, False]","[False, False]","[['G', 'B', 'B', 'B'], ['B', 'B', 'B', 'R'], ['B', 'R', 'R', 'R'], ['R', 'R', 'R', 'G']]",Mutual Dependency,"MD (2,2)",True,contract_for_finishing,True,True,1,0,0,0,0,0,0,0,0,0,0,140,False,False,0,0,0,0,0,0,0,0,0,0,0,0,0,0,0,0,0,0,0,0,0,0,0,0,0,0,0,0,0,0,0,0,0,1,3,,0,0,0,0,0,0,4,4,0,0,0,0,0,0,0,0,0,0,0,0,0,0,0,0,0,0,2,3,2,3,0
FOUR_1-FOUR_1,81,21,ctx1_fog00_p4ptrue_contract_strict_selfish11_contractonly_nir,20260531_173730_422522_f62e8bda,default,True,"[False, False]","[True, True]","[['G', 'B', 'B', 'B'], ['B', 'B', 'B', 'R'], ['B', 'R', 'R', 'R'], ['R', 'R', 'R', 'G']]",Mutual Dependency,"MD (2,2)",True,strict,True,True,1,0,0,0,0,0,0,0,0,0,0,140,False,False,0,0,0,0,0,0,0,0,0,0,0,0,0,0,0,0,0,0,0,0,0,0,0,0,0,0,0,0,0,0,0,0,0,1,2,5.0,2,3,0,0,0,0,0,0,0,0,0,0,0,0,0,0,0,0,0,0,0,0,0,0,0,0,2,3,2,3,0
FOUR_1-FOUR_1,81,21,ctx1_fog00_p4ptrue_contract_strict_selfish11_opv00_contractonly_nir,20260531_173708_985156_4b990a84,default,True,"[False, False]","[False, False]","[['G', 'B', 'B', 'B'], ['B', 'B', 'B', 'R'], ['B', 'R', 'R', 'R'], ['R', 'R', 'R', 'G']]",Mutual Dependency,"MD (2,2)",True,strict,True,True,1,0,0,0,0,0,0,0,0,0,0,140,False,False,0,0,0,0,0,0,0,0,0,0,0,0,0,0,0,0,0,0,0,0,0,0,0,0,0,0,0,0,0,0,0,0,0,1,2,4.0,2,2,0,0,0,0,0,0,0,0,0,0,0,0,0,0,0,0,0,0,0,0,0,0,0,0,2,3,2,3,0
FOUR_1-FOUR_1,81,21,ctx1_fog00_p4ptrue_contract_tile_with_judge_implementation_selfish11_contractonly_nir,20260531_173912_687210_db8b24c7,default,True,"[False, False]","[True, True]","[['G', 'B', 'B', 'B'], ['B', 'B', 'B', 'R'], ['B', 'R', 'R', 'R'], ['R', 'R', 'R', 'G']]",Mutual Dependency,"MD (2,2)",True,tile_with_judge_implementation,True,True,1,0,0,0,0,0,0,0,0,0,0,140,False,False,0,0,0,0,0,0,0,0,0,0,0,0,0,0,0,0,0,0,0,0,0,0,0,0,0,0,0,0,0,0,0,0,0,1,2,,0,0,0,0,0,0,0,0,0,0,0,0,0,0,0,0,0,0,0,0,0,0,0,0,0,0,2,3,2,3,0
FOUR_1-FOUR_1,81,21,ctx1_fog00_p4ptrue_contract_tile_with_judge_implementation_selfish11_opv00_contractonly_nir,20260531_173912_008894_958c9bbd,default,True,"[False, False]","[False, False]","[['G', 'B', 'B', 'B'], ['B', 'B', 'B', 'R'], ['B', 'R', 'R', 'R'], ['R', 'R', 'R', 'G']]",Mutual Dependency,"MD (2,2)",True,tile_with_judge_implementation,True,True,1,0,0,0,0,0,0,0,0,0,0,140,False,False,0,0,0,0,0,0,0,0,0,0,0,0,0,0,0,0,0,0,0,0,0,0,0,0,0,0,0,0,0,0,0,0,0,1,2,,0,0,0,0,0,0,0,0,0,0,0,0,0,0,0,0,0,0,0,0,0,0,0,0,0,0,2,3,2,3,0
FOUR_1-FOUR_1,82,22,ctx1_fog00_p4ptrue_contract_contract_for_finishing_selfish11_contractonly_nir,20260531_222625_846364_eac1f08d,default,True,"[False, False]","[True, True]","[['G', 'B', 'B', 'R'], ['B', 'B', 'R', 'B'], ['B', 'B', 'R', 'R'], ['R', 'R', 'R', 'G']]",Mutual Dependency,"MD (2,2)",True,contract_for_finishing,True,True,1,0,0,0,0,0,0,0,0,0,0,140,False,False,0,0,0,0,0,0,0,0,0,0,0,0,0,0,0,0,0,0,0,0,0,0,0,0,0,0,0,0,0,0,0,0,0,1,3,,0,0,0,0,0,0,11,9,0,0,0,0,0,0,0,0,0,0,0,0,0,0,0,0,0,0,2,3,2,3,0
FOUR_1-FOUR_1,82,22,ctx1_fog00_p4ptrue_contract_contract_for_finishing_selfish11_opv00_contractonly_nir,20260531_185605_287116_f11027ff,default,True,"[False, False]","[False, False]","[['G', 'B', 'B', 'R'], ['B', 'B', 'R', 'B'], ['B', 'B', 'R', 'R'], ['R', 'R', 'R', 'G']]",Mutual Dependency,"MD (2,2)",True,contract_for_finishing,True,True,1,0,0,0,0,0,0,0,0,0,0,140,False,False,0,0,0,0,0,0,0,0,0,0,0,0,0,0,0,0,0,0,0,0,0,0,0,0,0,0,0,0,0,0,0,0,0,1,3,,0,0,0,0,0,0,10,10,0,0,0,0,0,0,0,0,0,0,0,0,0,0,0,0,0,0,2,3,2,3,0
FOUR_1-FOUR_1,82,22,ctx1_fog00_p4ptrue_contract_strict_selfish11_contractonly_nir,20260531_222551_524804_e29a25cf,default,True,"[False, False]","[True, True]","[['G', 'B', 'B', 'R'], ['B', 'B', 'R', 'B'], ['B', 'B', 'R', 'R'], ['R', 'R', 'R', 'G']]",Mutual Dependency,"MD (2,2)",True,strict,True,True,1,0,0,0,0,0,0,0,0,0,0,140,False,False,0,0,0,0,0,0,0,0,0,0,0,0,0,0,0,0,0,0,0,0,0,0,0,0,0,0,0,0,0,0,0,0,0,1,3,4.0,2,2,0,0,0,0,0,0,0,0,0,0,0,0,0,0,0,0,0,0,0,0,0,0,0,0,2,3,2,3,0
FOUR_1-FOUR_1,82,22,ctx1_fog00_p4ptrue_contract_strict_selfish11_opv00_contractonly_nir,20260531_173937_932982_4a8fd4dd,default,True,"[False, False]","[False, False]","[['G', 'B', 'B', 'R'], ['B', 'B', 'R', 'B'], ['B', 'B', 'R', 'R'], ['R', 'R', 'R', 'G']]",Mutual Dependency,"MD (2,2)",True,strict,True,True,1,0,0,0,0,0,0,0,0,0,0,140,False,False,0,0,0,0,0,0,0,0,0,0,0,0,0,0,0,0,0,0,0,0,0,0,0,0,0,0,0,0,0,0,0,0,0,1,2,4.0,2,2,0,0,0,0,0,0,0,0,0,0,0,0,0,0,0,0,0,0,0,0,0,0,0,0,2,3,2,3,0
FOUR_1-FOUR_1,82,22,ctx1_fog00_p4ptrue_contract_tile_with_judge_implementation_selfish11_contractonly_nir,20260531_174406_244782_b57a682b,default,True,"[False, False]","[True, True]","[['G', 'B', 'B', 'R'], ['B', 'B', 'R', 'B'], ['B', 'B', 'R', 'R'], ['R', 'R', 'R', 'G']]",Mutual Dependency,"MD (2,2)",True,tile_with_judge_implementation,True,True,1,0,0,0,0,0,0,0,0,0,0,140,False,False,0,0,0,0,0,0,0,0,0,0,0,0,0,0,0,0,0,0,0,0,0,0,0,0,0,0,0,0,0,0,0,0,0,1,2,,0,0,0,0,0,0,0,0,0,0,0,0,0,0,0,0,0,0,0,0,0,0,0,0,0,0,2,3,2,3,0
FOUR_1-FOUR_1,82,22,ctx1_fog00_p4ptrue_contract_tile_with_judge_implementation_selfish11_opv00_contractonly_nir,20260531_185605_287222_441f072d,default,True,"[False, False]","[False, False]","[['G', 'B', 'B', 'R'], ['B', 'B', 'R', 'B'], ['B', 'B', 'R', 'R'], ['R', 'R', 'R', 'G']]",Mutual Dependency,"MD (2,2)",True,tile_with_judge_implementation,True,True,1,0,0,0,0,0,0,0,0,0,0,140,False,False,0,0,0,0,0,0,0,0,0,0,0,0,0,0,0,0,0,0,0,0,0,0,0,0,0,0,0,0,0,0,0,0,0,1,3,,0,0,0,0,0,0,0,0,0,0,0,0,0,0,0,0,0,0,0,0,0,0,0,0,0,0,2,3,2,3,0
FOUR_1-FOUR_1,83,23,ctx1_fog00_p4ptrue_contract_contract_for_finishing_selfish11_contractonly_nir,20260531_174610_340821_0db66cd7,default,True,"[False, False]","[True, True]","[['G', 'B', 'B', 'R'], ['B', 'B', 'B', 'R'], ['B', 'R', 'R', 'R'], ['R', 'B', 'R', 'G']]",Mutual Dependency,"MD (2,2)",True,contract_for_finishing,True,True,1,0,0,0,0,0,0,0,0,0,0,140,False,False,0,0,0,0,0,0,0,0,0,0,0,0,0,0,0,0,0,0,0,0,0,0,0,0,0,0,0,0,0,0,0,0,0,1,3,,0,0,0,0,0,0,11,9,0,0,0,0,0,0,0,0,0,0,0,0,0,0,0,0,0,0,2,3,2,3,0
FOUR_1-FOUR_1,83,23,ctx1_fog00_p4ptrue_contract_contract_for_finishing_selfish11_opv00_contractonly_nir,20260531_174534_902006_09a3f92b,default,True,"[False, False]","[False, False]","[['G', 'B', 'B', 'R'], ['B', 'B', 'B', 'R'], ['B', 'R', 'R', 'R'], ['R', 'B', 'R', 'G']]",Mutual Dependency,"MD (2,2)",True,contract_for_finishing,True,True,1,0,0,0,0,0,0,0,0,0,0,140,False,False,0,0,0,0,0,0,0,0,0,0,0,0,0,0,0,0,0,0,0,0,0,0,0,0,0,0,0,0,0,0,0,0,0,1,3,,0,0,0,0,0,0,5,6,0,0,0,0,0,0,0,0,0,0,0,0,0,0,0,0,0,0,2,3,2,3,0
FOUR_1-FOUR_1,83,23,ctx1_fog00_p4ptrue_contract_strict_selfish11_contractonly_nir,20260531_174504_715488_2a2afa64,default,True,"[False, False]","[True, True]","[['G', 'B', 'B', 'R'], ['B', 'B', 'B', 'R'], ['B', 'R', 'R', 'R'], ['R', 'B', 'R', 'G']]",Mutual Dependency,"MD (2,2)",True,strict,True,True,1,0,0,0,0,0,0,0,0,0,0,140,False,False,0,0,0,0,0,0,0,0,0,0,0,0,0,0,0,0,0,0,0,0,0,0,0,0,0,0,0,0,0,0,0,0,0,1,2,4.0,2,2,0,0,0,0,0,0,0,0,0,0,0,0,0,0,0,0,0,0,0,0,0,0,0,0,2,3,2,3,0
FOUR_1-FOUR_1,83,23,ctx1_fog00_p4ptrue_contract_strict_selfish11_opv00_contractonly_nir,20260531_174429_754014_39d2d071,default,True,"[False, False]","[False, False]","[['G', 'B', 'B', 'R'], ['B', 'B', 'B', 'R'], ['B', 'R', 'R', 'R'], ['R', 'B', 'R', 'G']]",Mutual Dependency,"MD (2,2)",True,strict,True,True,1,0,0,0,0,0,0,0,0,0,0,140,False,False,0,0,0,0,0,0,0,0,0,0,0,0,0,0,0,0,0,0,0,0,0,0,0,0,0,0,0,0,0,0,0,0,0,1,2,4.0,2,2,0,0,0,0,0,0,0,0,0,0,0,0,0,0,0,0,0,0,0,0,0,0,0,0,2,3,2,3,0
FOUR_1-FOUR_1,83,23,ctx1_fog00_p4ptrue_contract_tile_with_judge_implementation_selfish11_contractonly_nir,20260531_174716_671659_71582c8b,default,True,"[False, False]","[True, True]","[['G', 'B', 'B', 'R'], ['B', 'B', 'B', 'R'], ['B', 'R', 'R', 'R'], ['R', 'B', 'R', 'G']]",Mutual Dependency,"MD (2,2)",True,tile_with_judge_implementation,True,True,1,0,0,0,0,0,0,0,0,0,0,140,False,False,0,0,0,0,0,0,0,0,0,0,0,0,0,0,0,0,0,0,0,0,0,0,0,0,0,0,0,0,0,0,0,0,0,1,2,,0,0,0,0,0,0,0,0,0,0,0,0,0,0,0,0,0,0,0,0,0,0,0,0,0,0,2,3,2,3,0
FOUR_1-FOUR_1,83,23,ctx1_fog00_p4ptrue_contract_tile_with_judge_implementation_selfish11_opv00_contractonly_nir,20260531_174646_701202_7335f5e5,default,True,"[False, False]","[False, False]","[['G', 'B', 'B', 'R'], ['B', 'B', 'B', 'R'], ['B', 'R', 'R', 'R'], ['R', 'B', 'R', 'G']]",Mutual Dependency,"MD (2,2)",True,tile_with_judge_implementation,True,True,1,0,0,0,0,0,0,0,0,0,0,140,False,False,0,0,0,0,0,0,0,0,0,0,0,0,0,0,0,0,0,0,0,0,0,0,0,0,0,0,0,0,0,0,0,0,0,1,2,,0,0,0,0,0,0,0,0,0,0,0,0,0,0,0,0,0,0,0,0,0,0,0,0,0,0,2,3,2,3,0
FOUR_1-FOUR_1,84,24,ctx1_fog00_p4ptrue_contract_contract_for_finishing_selfish11_contractonly_nir,20260531_174905_631689_c7ba42f1,default,True,"[False, False]","[True, True]","[['G', 'B', 'R', 'B'], ['B', 'R', 'B', 'R'], ['R', 'B', 'R', 'R'], ['B', 'R', 'B', 'G']]",Mutual Dependency,"MD (2,2)",True,contract_for_finishing,True,True,1,0,0,0,0,0,0,0,0,0,0,140,False,False,0,0,0,0,0,0,0,0,0,0,0,0,0,0,0,0,0,0,0,0,0,0,0,0,0,0,0,0,0,0,0,0,0,1,2,,0,0,0,0,0,0,4,4,0,0,0,0,0,0,0,0,0,0,0,0,0,0,0,0,0,0,2,3,2,3,0
FOUR_1-FOUR_1,84,24,ctx1_fog00_p4ptrue_contract_contract_for_finishing_selfish11_opv00_contractonly_nir,20260531_174816_116320_6ebb0ad9,default,True,"[False, False]","[False, False]","[['G', 'B', 'R', 'B'], ['B', 'R', 'B', 'R'], ['R', 'B', 'R', 'R'], ['B', 'R', 'B', 'G']]",Mutual Dependency,"MD (2,2)",True,contract_for_finishing,True,True,1,0,0,0,0,0,0,0,0,0,0,140,False,False,0,0,0,0,0,0,0,0,0,0,0,0,0,0,0,0,0,0,0,0,0,0,0,0,0,0,0,0,0,0,0,0,0,1,3,,0,0,0,0,0,0,5,5,0,0,0,0,0,0,0,0,0,0,0,0,0,0,0,0,0,0,2,3,2,3,0
FOUR_1-FOUR_1,84,24,ctx1_fog00_p4ptrue_contract_strict_selfish11_contractonly_nir,20260531_222702_646310_097c2a84,default,True,"[False, False]","[True, True]","[['G', 'B', 'R', 'B'], ['B', 'R', 'B', 'R'], ['R', 'B', 'R', 'R'], ['B', 'R', 'B', 'G']]",Mutual Dependency,"MD (2,2)",True,strict,True,True,1,0,0,0,0,0,0,0,0,0,0,140,False,False,0,0,0,0,0,0,0,0,0,0,0,0,0,0,0,0,0,0,0,0,0,0,0,0,0,0,0,0,0,0,0,0,0,1,2,4.0,2,2,0,0,0,0,0,0,0,0,0,0,0,0,0,0,0,0,0,0,0,0,0,0,0,0,2,3,2,3,0
FOUR_1-FOUR_1,84,24,ctx1_fog00_p4ptrue_contract_strict_selfish11_opv00_contractonly_nir,20260531_174717_090982_57c24c3f,default,True,"[False, False]","[False, False]","[['G', 'B', 'R', 'B'], ['B', 'R', 'B', 'R'], ['R', 'B', 'R', 'R'], ['B', 'R', 'B', 'G']]",Mutual Dependency,"MD (2,2)",True,strict,True,True,1,0,0,0,0,0,0,0,0,0,0,140,False,False,0,0,0,0,0,0,0,0,0,0,0,0,0,0,0,0,0,0,0,0,0,0,0,0,0,0,0,0,0,0,0,0,0,1,2,4.0,2,2,0,0,0,0,0,0,0,0,0,0,0,0,0,0,0,0,0,0,0,0,0,0,0,0,2,3,2,3,0
FOUR_1-FOUR_1,84,24,ctx1_fog00_p4ptrue_contract_tile_with_judge_implementation_selfish11_contractonly_nir,20260531_174951_646555_2d28d138,default,True,"[False, False]","[True, True]","[['G', 'B', 'R', 'B'], ['B', 'R', 'B', 'R'], ['R', 'B', 'R', 'R'], ['B', 'R', 'B', 'G']]",Mutual Dependency,"MD (2,2)",True,tile_with_judge_implementation,True,True,1,0,0,0,0,0,0,0,0,0,0,140,False,False,0,0,0,0,0,0,0,0,0,0,0,0,0,0,0,0,0,0,0,0,0,0,0,0,0,0,0,0,0,0,0,0,0,1,2,,0,0,0,0,0,0,0,0,0,0,0,0,0,0,0,0,0,0,0,0,0,0,0,0,0,0,2,3,2,3,0
FOUR_1-FOUR_1,84,24,ctx1_fog00_p4ptrue_contract_tile_with_judge_implementation_selfish11_opv00_contractonly_nir,20260531_174936_106010_4cf61149,default,True,"[False, False]","[False, False]","[['G', 'B', 'R', 'B'], ['B', 'R', 'B', 'R'], ['R', 'B', 'R', 'R'], ['B', 'R', 'B', 'G']]",Mutual Dependency,"MD (2,2)",True,tile_with_judge_implementation,True,True,1,0,0,0,0,0,0,0,0,0,0,140,False,False,0,0,0,0,0,0,0,0,0,0,0,0,0,0,0,0,0,0,0,0,0,0,0,0,0,0,0,0,0,0,0,0,0,1,2,,0,0,0,0,0,0,0,0,0,0,0,0,0,0,0,0,0,0,0,0,0,0,0,0,0,0,2,3,2,3,0
FOUR_1-FOUR_1,85,25,ctx1_fog00_p4ptrue_contract_contract_for_finishing_selfish11_contractonly_nir,20260531_175249_949215_b58d6497,default,True,"[False, False]","[True, True]","[['G', 'R', 'B', 'R'], ['R', 'R', 'B', 'B'], ['R', 'B', 'B', 'R'], ['B', 'B', 'R', 'G']]",Mutual Dependency,"MD (2,2)",True,contract_for_finishing,True,True,1,0,0,0,0,0,0,0,0,0,0,140,False,False,0,0,0,0,0,0,0,0,0,0,0,0,0,0,0,0,0,0,0,0,0,0,0,0,0,0,0,0,0,0,0,0,0,1,2,,0,0,0,0,0,0,10,10,0,0,0,0,0,0,0,0,0,0,0,0,0,0,0,0,0,0,2,3,2,3,0
FOUR_1-FOUR_1,85,25,ctx1_fog00_p4ptrue_contract_contract_for_finishing_selfish11_opv00_contractonly_nir,20260531_175159_746879_6329805a,default,True,"[False, False]","[False, False]","[['G', 'R', 'B', 'R'], ['R', 'R', 'B', 'B'], ['R', 'B', 'B', 'R'], ['B', 'B', 'R', 'G']]",Mutual Dependency,"MD (2,2)",True,contract_for_finishing,True,True,1,0,0,0,0,0,0,0,0,0,0,140,False,False,0,0,0,0,0,0,0,0,0,0,0,0,0,0,0,0,0,0,0,0,0,0,0,0,0,0,0,0,0,0,0,0,0,1,2,,0,0,0,0,0,0,0,0,0,0,0,0,0,0,0,0,0,0,0,0,0,0,0,0,0,0,2,3,2,3,0
FOUR_1-FOUR_1,85,25,ctx1_fog00_p4ptrue_contract_strict_selfish11_contractonly_nir,20260531_222802_656591_6ced18b2,default,True,"[False, False]","[True, True]","[['G', 'R', 'B', 'R'], ['R', 'R', 'B', 'B'], ['R', 'B', 'B', 'R'], ['B', 'B', 'R', 'G']]",Mutual Dependency,"MD (2,2)",True,strict,True,True,1,0,0,0,0,0,0,0,0,0,0,140,False,False,0,0,0,0,0,0,0,0,0,0,0,0,0,0,0,0,0,0,0,0,0,0,0,0,0,0,0,0,0,0,0,0,0,1,2,4.0,2,2,0,0,0,0,0,0,0,0,0,0,0,0,0,0,0,0,0,0,0,0,0,0,0,0,2,3,2,3,0
FOUR_1-FOUR_1,85,25,ctx1_fog00_p4ptrue_contract_strict_selfish11_opv00_contractonly_nir,20260531_222732_651982_48680a27,default,True,"[False, False]","[False, False]","[['G', 'R', 'B', 'R'], ['R', 'R', 'B', 'B'], ['R', 'B', 'B', 'R'], ['B', 'B', 'R', 'G']]",Mutual Dependency,"MD (2,2)",True,strict,True,True,1,0,0,0,0,0,0,0,0,0,0,140,False,False,0,0,0,0,0,0,0,0,0,0,0,0,0,0,0,0,0,0,0,0,0,0,0,0,0,0,0,0,0,0,0,0,0,1,2,4.0,2,2,0,0,0,0,0,0,0,0,0,0,0,0,0,0,0,0,0,0,0,0,0,0,0,0,2,3,2,3,0
FOUR_1-FOUR_1,85,25,ctx1_fog00_p4ptrue_contract_tile_with_judge_implementation_selfish11_contractonly_nir,20260531_175341_962826_00c9d6eb,default,True,"[False, False]","[True, True]","[['G', 'R', 'B', 'R'], ['R', 'R', 'B', 'B'], ['R', 'B', 'B', 'R'], ['B', 'B', 'R', 'G']]",Mutual Dependency,"MD (2,2)",True,tile_with_judge_implementation,True,True,1,0,0,0,0,0,0,0,0,0,0,140,False,False,0,0,0,0,0,0,0,0,0,0,0,0,0,0,0,0,0,0,0,0,0,0,0,0,0,0,0,0,0,0,0,0,0,1,2,,0,0,0,0,0,0,0,0,0,0,0,0,0,0,0,0,0,0,0,0,0,0,0,0,0,0,2,3,2,3,0
FOUR_1-FOUR_1,85,25,ctx1_fog00_p4ptrue_contract_tile_with_judge_implementation_selfish11_opv00_contractonly_nir,20260531_175319_450272_d312ca7c,default,True,"[False, False]","[False, False]","[['G', 'R', 'B', 'R'], ['R', 'R', 'B', 'B'], ['R', 'B', 'B', 'R'], ['B', 'B', 'R', 'G']]",Mutual Dependency,"MD (2,2)",True,tile_with_judge_implementation,True,True,1,0,0,0,0,0,0,0,0,0,0,140,False,False,0,0,0,0,0,0,0,0,0,0,0,0,0,0,0,0,0,0,0,0,0,0,0,0,0,0,0,0,0,0,0,0,0,1,2,,0,0,0,0,0,0,0,0,0,0,0,0,0,0,0,0,0,0,0,0,0,0,0,0,0,0,2,3,2,3,0
FOUR_1-FOUR_1,86,26,ctx1_fog00_p4ptrue_contract_contract_for_finishing_selfish11_contractonly_nir,20260531_175610_954432_cf879224,default,True,"[False, False]","[True, True]","[['G', 'R', 'R', 'R'], ['R', 'R', 'B', 'B'], ['B', 'B', 'R', 'B'], ['B', 'R', 'B', 'G']]",Mutual Dependency,"MD (2,2)",True,contract_for_finishing,True,True,1,0,0,0,0,0,0,0,0,0,0,140,False,False,0,0,0,0,0,0,0,0,0,0,0,0,0,0,0,0,0,0,0,0,0,0,0,0,0,0,0,0,0,0,0,0,0,1,2,,0,0,0,0,0,0,7,13,0,0,0,0,0,0,0,0,0,0,0,0,0,0,0,0,0,0,2,3,2,3,0
FOUR_1-FOUR_1,86,26,ctx1_fog00_p4ptrue_contract_contract_for_finishing_selfish11_opv00_contractonly_nir,20260531_175514_996283_0d00e927,default,True,"[False, False]","[False, False]","[['G', 'R', 'R', 'R'], ['R', 'R', 'B', 'B'], ['B', 'B', 'R', 'B'], ['B', 'R', 'B', 'G']]",Mutual Dependency,"MD (2,2)",True,contract_for_finishing,True,True,1,0,0,0,0,0,0,0,0,0,0,140,False,False,0,0,0,0,0,0,0,0,0,0,0,0,0,0,0,0,0,0,0,0,0,0,0,0,0,0,0,0,0,0,0,0,0,1,3,,0,0,0,0,0,0,2,2,0,0,0,0,0,0,0,0,0,0,0,0,0,0,0,0,0,0,2,3,2,3,0
FOUR_1-FOUR_1,86,26,ctx1_fog00_p4ptrue_contract_strict_selfish11_contractonly_nir,20260531_175437_654325_d4dc0376,default,True,"[False, False]","[True, True]","[['G', 'R', 'R', 'R'], ['R', 'R', 'B', 'B'], ['B', 'B', 'R', 'B'], ['B', 'R', 'B', 'G']]",Mutual Dependency,"MD (2,2)",True,strict,True,True,1,0,0,0,0,0,0,0,0,0,0,140,False,False,0,0,0,0,0,0,0,0,0,0,0,0,0,0,0,0,0,0,0,0,0,0,0,0,0,0,0,0,0,0,0,0,0,1,2,4.0,2,2,0,0,0,0,0,0,0,0,0,0,0,0,0,0,0,0,0,0,0,0,0,0,0,0,2,3,2,3,0
FOUR_1-FOUR_1,86,26,ctx1_fog00_p4ptrue_contract_strict_selfish11_opv00_contractonly_nir,20260531_222832_663055_56818b78,default,True,"[False, False]","[False, False]","[['G', 'R', 'R', 'R'], ['R', 'R', 'B', 'B'], ['B', 'B', 'R', 'B'], ['B', 'R', 'B', 'G']]",Mutual Dependency,"MD (2,2)",True,strict,True,True,1,0,0,0,0,0,0,0,0,0,0,140,False,False,0,0,0,0,0,0,0,0,0,0,0,0,0,0,0,0,0,0,0,0,0,0,0,0,0,0,0,0,0,0,0,0,0,1,2,4.0,2,2,0,0,0,0,0,0,0,0,0,0,0,0,0,0,0,0,0,0,0,0,0,0,0,0,2,3,2,3,0
FOUR_1-FOUR_1,86,26,ctx1_fog00_p4ptrue_contract_tile_with_judge_implementation_selfish11_contractonly_nir,20260531_175657_086571_811c48ce,default,True,"[False, False]","[True, True]","[['G', 'R', 'R', 'R'], ['R', 'R', 'B', 'B'], ['B', 'B', 'R', 'B'], ['B', 'R', 'B', 'G']]",Mutual Dependency,"MD (2,2)",True,tile_with_judge_implementation,True,True,1,0,0,0,0,0,0,0,0,0,0,140,False,False,0,0,0,0,0,0,0,0,0,0,0,0,0,0,0,0,0,0,0,0,0,0,0,0,0,0,0,0,0,0,0,0,0,1,2,,0,0,0,0,0,0,0,0,0,0,0,0,0,0,0,0,0,0,0,0,0,0,0,0,0,0,2,3,2,3,0
FOUR_1-FOUR_1,86,26,ctx1_fog00_p4ptrue_contract_tile_with_judge_implementation_selfish11_opv00_contractonly_nir,20260531_175648_766129_03b39d0c,default,True,"[False, False]","[False, False]","[['G', 'R', 'R', 'R'], ['R', 'R', 'B', 'B'], ['B', 'B', 'R', 'B'], ['B', 'R', 'B', 'G']]",Mutual Dependency,"MD (2,2)",True,tile_with_judge_implementation,True,True,1,0,0,0,0,0,0,0,0,0,0,140,False,False,0,0,0,0,0,0,0,0,0,0,0,0,0,0,0,0,0,0,0,0,0,0,0,0,0,0,0,0,0,0,0,0,0,1,2,,0,0,0,0,0,0,0,0,0,0,0,0,0,0,0,0,0,0,0,0,0,0,0,0,0,0,2,3,2,3,0
FOUR_1-FOUR_1,87,27,ctx1_fog00_p4ptrue_contract_contract_for_finishing_selfish11_contractonly_nir,20260531_175824_017706_9a73e15d,default,True,"[False, False]","[True, True]","[['G', 'B', 'R', 'R'], ['B', 'B', 'R', 'B'], ['R', 'R', 'B', 'R'], ['B', 'B', 'R', 'G']]",Mutual Dependency,"MD (2,2)",True,contract_for_finishing,True,True,1,0,0,0,0,0,0,0,0,0,0,140,False,False,0,0,0,0,0,0,0,0,0,0,0,0,0,0,0,0,0,0,0,0,0,0,0,0,0,0,0,0,0,0,0,0,0,1,3,,0,0,0,0,0,0,6,14,0,0,0,0,0,0,0,0,0,0,0,0,0,0,0,0,0,0,2,3,2,3,0
FOUR_1-FOUR_1,87,27,ctx1_fog00_p4ptrue_contract_contract_for_finishing_selfish11_opv00_contractonly_nir,20260531_175813_148080_edbd51cc,default,True,"[False, False]","[False, False]","[['G', 'B', 'R', 'R'], ['B', 'B', 'R', 'B'], ['R', 'R', 'B', 'R'], ['B', 'B', 'R', 'G']]",Mutual Dependency,"MD (2,2)",True,contract_for_finishing,True,True,1,0,0,0,0,0,0,0,0,0,0,140,False,False,0,0,0,0,0,0,0,0,0,0,0,0,0,0,0,0,0,0,0,0,0,0,0,0,0,0,0,0,0,0,0,0,0,1,3,,0,0,0,0,0,0,10,10,0,0,0,0,0,0,0,0,0,0,0,0,0,0,0,0,0,0,2,3,2,3,0
FOUR_1-FOUR_1,87,27,ctx1_fog00_p4ptrue_contract_strict_selfish11_contractonly_nir,20260531_175733_154901_e6ca87bf,default,True,"[False, False]","[True, True]","[['G', 'B', 'R', 'R'], ['B', 'B', 'R', 'B'], ['R', 'R', 'B', 'R'], ['B', 'B', 'R', 'G']]",Mutual Dependency,"MD (2,2)",True,strict,True,True,1,0,0,0,0,0,0,0,0,0,0,140,False,False,0,0,0,0,0,0,0,0,0,0,0,0,0,0,0,0,0,0,0,0,0,0,0,0,0,0,0,0,0,0,0,0,0,1,2,5.0,3,2,0,0,0,0,0,0,0,0,0,0,0,0,0,0,0,0,0,0,0,0,0,0,0,0,2,3,2,3,0
FOUR_1-FOUR_1,87,27,ctx1_fog00_p4ptrue_contract_strict_selfish11_opv00_contractonly_nir,20260531_175716_542540_c3228a98,default,True,"[False, False]","[False, False]","[['G', 'B', 'R', 'R'], ['B', 'B', 'R', 'B'], ['R', 'R', 'B', 'R'], ['B', 'B', 'R', 'G']]",Mutual Dependency,"MD (2,2)",True,strict,True,True,1,0,0,0,0,0,0,0,0,0,0,140,False,False,0,0,0,0,0,0,0,0,0,0,0,0,0,0,0,0,0,0,0,0,0,0,0,0,0,0,0,0,0,0,0,0,0,1,2,4.0,2,2,0,0,0,0,0,0,0,0,0,0,0,0,0,0,0,0,0,0,0,0,0,0,0,0,2,3,2,3,0
FOUR_1-FOUR_1,87,27,ctx1_fog00_p4ptrue_contract_tile_with_judge_implementation_selfish11_contractonly_nir,20260531_175925_618234_21ef6c4e,default,True,"[False, False]","[True, True]","[['G', 'B', 'R', 'R'], ['B', 'B', 'R', 'B'], ['R', 'R', 'B', 'R'], ['B', 'B', 'R', 'G']]",Mutual Dependency,"MD (2,2)",True,tile_with_judge_implementation,True,True,1,0,0,0,0,0,0,0,0,0,0,140,False,False,0,0,0,0,0,0,0,0,0,0,0,0,0,0,0,0,0,0,0,0,0,0,0,0,0,0,0,0,0,0,0,0,0,1,3,,0,0,0,0,0,0,0,0,0,0,0,0,0,0,0,0,0,0,0,0,0,0,0,0,0,0,2,3,2,3,0
FOUR_1-FOUR_1,87,27,ctx1_fog00_p4ptrue_contract_tile_with_judge_implementation_selfish11_opv00_contractonly_nir,20260531_175924_646122_010522ba,default,True,"[False, False]","[False, False]","[['G', 'B', 'R', 'R'], ['B', 'B', 'R', 'B'], ['R', 'R', 'B', 'R'], ['B', 'B', 'R', 'G']]",Mutual Dependency,"MD (2,2)",True,tile_with_judge_implementation,True,True,1,0,0,0,0,0,0,0,0,0,0,140,False,False,0,0,0,0,0,0,0,0,0,0,0,0,0,0,0,0,0,0,0,0,0,0,0,0,0,0,0,0,0,0,0,0,0,1,2,,0,0,0,0,0,0,0,0,0,0,0,0,0,0,0,0,0,0,0,0,0,0,0,0,0,0,2,3,2,3,0
FOUR_1-FOUR_1,88,28,ctx1_fog00_p4ptrue_contract_contract_for_finishing_selfish11_contractonly_nir,20260531_180116_950994_7a1cb43a,default,True,"[False, False]","[True, True]","[['G', 'B', 'B', 'R'], ['R', 'B', 'R', 'R'], ['B', 'R', 'R', 'B'], ['B', 'R', 'B', 'G']]",Mutual Dependency,"MD (2,2)",True,contract_for_finishing,True,True,1,0,0,0,0,0,0,0,0,0,0,140,False,False,0,0,0,0,0,0,0,0,0,0,0,0,0,0,0,0,0,0,0,0,0,0,0,0,0,0,0,0,0,0,0,0,0,1,2,,0,0,0,0,0,0,10,10,0,0,0,0,0,0,0,0,0,0,0,0,0,0,0,0,0,0,2,3,2,3,0
FOUR_1-FOUR_1,88,28,ctx1_fog00_p4ptrue_contract_contract_for_finishing_selfish11_opv00_contractonly_nir,20260531_180107_766977_63d90b68,default,True,"[False, False]","[False, False]","[['G', 'B', 'B', 'R'], ['R', 'B', 'R', 'R'], ['B', 'R', 'R', 'B'], ['B', 'R', 'B', 'G']]",Mutual Dependency,"MD (2,2)",True,contract_for_finishing,True,True,1,0,0,0,0,0,0,0,0,0,0,140,False,False,0,0,0,0,0,0,0,0,0,0,0,0,0,0,0,0,0,0,0,0,0,0,0,0,0,0,0,0,0,0,0,0,0,1,3,,0,0,0,0,0,0,6,10,0,0,0,0,0,0,0,0,0,0,0,0,0,0,0,0,0,0,2,3,2,3,0
FOUR_1-FOUR_1,88,28,ctx1_fog00_p4ptrue_contract_strict_selfish11_contractonly_nir,20260531_180018_194383_09fa6337,default,True,"[False, False]","[True, True]","[['G', 'B', 'B', 'R'], ['R', 'B', 'R', 'R'], ['B', 'R', 'R', 'B'], ['B', 'R', 'B', 'G']]",Mutual Dependency,"MD (2,2)",True,strict,True,True,1,0,0,0,0,0,0,0,0,0,0,140,False,False,0,0,0,0,0,0,0,0,0,0,0,0,0,0,0,0,0,0,0,0,0,0,0,0,0,0,0,0,0,0,0,0,0,1,2,4.0,2,2,0,0,0,0,0,0,0,0,0,0,0,0,0,0,0,0,0,0,0,0,0,0,0,0,2,3,2,3,0
FOUR_1-FOUR_1,88,28,ctx1_fog00_p4ptrue_contract_strict_selfish11_opv00_contractonly_nir,20260531_180000_550926_48f73aac,default,True,"[False, False]","[False, False]","[['G', 'B', 'B', 'R'], ['R', 'B', 'R', 'R'], ['B', 'R', 'R', 'B'], ['B', 'R', 'B', 'G']]",Mutual Dependency,"MD (2,2)",True,strict,True,True,1,0,0,0,0,0,0,0,0,0,0,140,False,False,0,0,0,0,0,0,0,0,0,0,0,0,0,0,0,0,0,0,0,0,0,0,0,0,0,0,0,0,0,0,0,0,0,1,2,4.0,2,2,0,0,0,0,0,0,0,0,0,0,0,0,0,0,0,0,0,0,0,0,0,0,0,0,2,3,2,3,0
FOUR_1-FOUR_1,88,28,ctx1_fog00_p4ptrue_contract_tile_with_judge_implementation_selfish11_contractonly_nir,20260531_180216_830375_a9a25561,default,True,"[False, False]","[True, True]","[['G', 'B', 'B', 'R'], ['R', 'B', 'R', 'R'], ['B', 'R', 'R', 'B'], ['B', 'R', 'B', 'G']]",Mutual Dependency,"MD (2,2)",True,tile_with_judge_implementation,True,True,1,0,0,0,0,0,0,0,0,0,0,140,False,False,0,0,0,0,0,0,0,0,0,0,0,0,0,0,0,0,0,0,0,0,0,0,0,0,0,0,0,0,0,0,0,0,0,1,3,,0,0,0,0,0,0,0,0,0,0,0,0,0,0,0,0,0,0,0,0,0,0,0,0,0,0,2,3,2,3,0
FOUR_1-FOUR_1,88,28,ctx1_fog00_p4ptrue_contract_tile_with_judge_implementation_selfish11_opv00_contractonly_nir,20260531_180215_544611_553f5885,default,True,"[False, False]","[False, False]","[['G', 'B', 'B', 'R'], ['R', 'B', 'R', 'R'], ['B', 'R', 'R', 'B'], ['B', 'R', 'B', 'G']]",Mutual Dependency,"MD (2,2)",True,tile_with_judge_implementation,True,True,1,0,0,0,0,0,0,0,0,0,0,140,False,False,0,0,0,0,0,0,0,0,0,0,0,0,0,0,0,0,0,0,0,0,0,0,0,0,0,0,0,0,0,0,0,0,0,1,2,,0,0,0,0,0,0,0,0,0,0,0,0,0,0,0,0,0,0,0,0,0,0,0,0,0,0,2,3,2,3,0
FOUR_1-FOUR_1,89,29,ctx1_fog00_p4ptrue_contract_contract_for_finishing_selfish11_contractonly_nir,20260531_222932_688375_7d62880d,default,True,"[False, False]","[True, True]","[['G', 'B', 'R', 'B'], ['R', 'B', 'R', 'R'], ['B', 'R', 'R', 'B'], ['B', 'R', 'B', 'G']]",Mutual Dependency,"MD (2,2)",True,contract_for_finishing,True,True,1,0,0,0,0,0,0,0,0,0,0,140,False,False,0,0,0,0,0,0,0,0,0,0,0,0,0,0,0,0,0,0,0,0,0,0,0,0,0,0,0,0,0,0,0,0,0,1,2,,0,0,0,0,0,0,10,10,0,0,0,0,0,0,0,0,0,0,0,0,0,0,0,0,0,0,2,3,2,3,0
FOUR_1-FOUR_1,89,29,ctx1_fog00_p4ptrue_contract_contract_for_finishing_selfish11_opv00_contractonly_nir,20260531_222902_668318_7e9b2632,default,True,"[False, False]","[False, False]","[['G', 'B', 'R', 'B'], ['R', 'B', 'R', 'R'], ['B', 'R', 'R', 'B'], ['B', 'R', 'B', 'G']]",Mutual Dependency,"MD (2,2)",True,contract_for_finishing,True,True,1,0,0,0,0,0,0,0,0,0,0,140,False,False,0,0,0,0,0,0,0,0,0,0,0,0,0,0,0,0,0,0,0,0,0,0,0,0,0,0,0,0,0,0,0,0,0,1,3,,0,0,0,0,0,0,5,8,0,0,0,0,0,0,0,0,0,0,0,0,0,0,0,0,0,0,2,3,2,3,0
FOUR_1-FOUR_1,89,29,ctx1_fog00_p4ptrue_contract_strict_selfish11_contractonly_nir,20260531_180321_884390_0eb45c83,default,True,"[False, False]","[True, True]","[['G', 'B', 'R', 'B'], ['R', 'B', 'R', 'R'], ['B', 'R', 'R', 'B'], ['B', 'R', 'B', 'G']]",Mutual Dependency,"MD (2,2)",True,strict,True,True,1,0,0,0,0,0,0,0,0,0,0,140,False,False,0,0,0,0,0,0,0,0,0,0,0,0,0,0,0,0,0,0,0,0,0,0,0,0,0,0,0,0,0,0,0,0,0,1,2,4.0,2,2,0,0,0,0,0,0,0,0,0,0,0,0,0,0,0,0,0,0,0,0,0,0,0,0,2,3,2,3,0
FOUR_1-FOUR_1,89,29,ctx1_fog00_p4ptrue_contract_strict_selfish11_opv00_contractonly_nir,20260531_180240_461214_4dd0129b,default,True,"[False, False]","[False, False]","[['G', 'B', 'R', 'B'], ['R', 'B', 'R', 'R'], ['B', 'R', 'R', 'B'], ['B', 'R', 'B', 'G']]",Mutual Dependency,"MD (2,2)",True,strict,True,True,1,0,0,0,0,0,0,0,0,0,0,140,False,False,0,0,0,0,0,0,0,0,0,0,0,0,0,0,0,0,0,0,0,0,0,0,0,0,0,0,0,0,0,0,0,0,0,1,3,4.0,2,2,0,0,0,0,0,0,0,0,0,0,0,0,0,0,0,0,0,0,0,0,0,0,0,0,2,3,2,3,0
FOUR_1-FOUR_1,89,29,ctx1_fog00_p4ptrue_contract_tile_with_judge_implementation_selfish11_contractonly_nir,20260531_180609_086025_a18b85b4,default,True,"[False, False]","[True, True]","[['G', 'B', 'R', 'B'], ['R', 'B', 'R', 'R'], ['B', 'R', 'R', 'B'], ['B', 'R', 'B', 'G']]",Mutual Dependency,"MD (2,2)",True,tile_with_judge_implementation,True,True,1,0,0,0,0,0,0,0,0,0,0,140,False,False,0,0,0,0,0,0,0,0,0,0,0,0,0,0,0,0,0,0,0,0,0,0,0,0,0,0,0,0,0,0,0,0,0,1,2,,0,0,0,0,0,0,0,0,0,0,0,0,0,0,0,0,0,0,0,0,0,0,0,0,0,0,2,3,2,3,0
FOUR_1-FOUR_1,89,29,ctx1_fog00_p4ptrue_contract_tile_with_judge_implementation_selfish11_opv00_contractonly_nir,20260531_180556_073366_3c741be3,default,True,"[False, False]","[False, False]","[['G', 'B', 'R', 'B'], ['R', 'B', 'R', 'R'], ['B', 'R', 'R', 'B'], ['B', 'R', 'B', 'G']]",Mutual Dependency,"MD (2,2)",True,tile_with_judge_implementation,True,True,1,0,0,0,0,0,0,0,0,0,0,140,False,False,0,0,0,0,0,0,0,0,0,0,0,0,0,0,0,0,0,0,0,0,0,0,0,0,0,0,0,0,0,0,0,0,0,1,2,,0,0,0,0,0,0,0,0,0,0,0,0,0,0,0,0,0,0,0,0,0,0,0,0,0,0,2,3,2,3,0
FOUR_1-FOUR_1,90,30,ctx1_fog00_p4ptrue_contract_contract_for_finishing_selfish11_contractonly_nir,20260531_180833_917006_c432ee89,default,True,"[False, False]","[True, True]","[['G', 'R', 'B', 'R'], ['R', 'R', 'R', 'B'], ['R', 'R', 'B', 'B'], ['B', 'B', 'B', 'G']]",Mutual Dependency,"MD (2,2)",True,contract_for_finishing,True,True,1,0,0,0,0,0,0,0,0,0,0,140,False,False,0,0,0,0,0,0,0,0,0,0,0,0,0,0,0,0,0,0,0,0,0,0,0,0,0,0,0,0,0,0,0,0,0,1,2,,0,0,0,0,0,0,2,2,0,0,0,0,0,0,0,0,0,0,0,0,0,0,0,0,0,0,2,3,2,3,0
FOUR_1-FOUR_1,90,30,ctx1_fog00_p4ptrue_contract_contract_for_finishing_selfish11_opv00_contractonly_nir,20260531_180745_454328_5e6e11e9,default,True,"[False, False]","[False, False]","[['G', 'R', 'B', 'R'], ['R', 'R', 'R', 'B'], ['R', 'R', 'B', 'B'], ['B', 'B', 'B', 'G']]",Mutual Dependency,"MD (2,2)",True,contract_for_finishing,True,True,1,0,0,0,0,0,0,0,0,0,0,140,False,False,0,0,0,0,0,0,0,0,0,0,0,0,0,0,0,0,0,0,0,0,0,0,0,0,0,0,0,0,0,0,0,0,0,1,3,,0,0,0,0,0,0,8,8,0,0,0,0,0,0,0,0,0,0,0,0,0,0,0,0,0,0,2,3,2,3,0
FOUR_1-FOUR_1,90,30,ctx1_fog00_p4ptrue_contract_strict_selfish11_contractonly_nir,20260531_180647_849634_747e2f7e,default,True,"[False, False]","[True, True]","[['G', 'R', 'B', 'R'], ['R', 'R', 'R', 'B'], ['R', 'R', 'B', 'B'], ['B', 'B', 'B', 'G']]",Mutual Dependency,"MD (2,2)",True,strict,True,True,1,0,0,0,0,0,0,0,0,0,0,140,False,False,0,0,0,0,0,0,0,0,0,0,0,0,0,0,0,0,0,0,0,0,0,0,0,0,0,0,0,0,0,0,0,0,0,1,3,4.0,2,2,0,0,0,0,0,0,0,0,0,0,0,0,0,0,0,0,0,0,0,0,0,0,0,0,2,3,2,3,0
FOUR_1-FOUR_1,90,30,ctx1_fog00_p4ptrue_contract_strict_selfish11_opv00_contractonly_nir,20260531_223002_695274_a494e590,default,True,"[False, False]","[False, False]","[['G', 'R', 'B', 'R'], ['R', 'R', 'R', 'B'], ['R', 'R', 'B', 'B'], ['B', 'B', 'B', 'G']]",Mutual Dependency,"MD (2,2)",True,strict,True,True,1,0,0,0,0,0,0,0,0,0,0,140,False,False,0,0,0,0,0,0,0,0,0,0,0,0,0,0,0,0,0,0,0,0,0,0,0,0,0,0,0,0,0,0,0,0,0,1,2,5.0,3,2,0,0,0,0,0,0,0,0,0,0,0,0,0,0,0,0,0,0,0,0,0,0,0,0,2,3,2,3,0
FOUR_1-FOUR_1,90,30,ctx1_fog00_p4ptrue_contract_tile_with_judge_implementation_selfish11_contractonly_nir,20260531_180914_642069_765564ac,default,True,"[False, False]","[True, True]","[['G', 'R', 'B', 'R'], ['R', 'R', 'R', 'B'], ['R', 'R', 'B', 'B'], ['B', 'B', 'B', 'G']]",Mutual Dependency,"MD (2,2)",True,tile_with_judge_implementation,True,True,1,0,0,0,0,0,0,0,0,0,0,140,False,False,0,0,0,0,0,0,0,0,0,0,0,0,0,0,0,0,0,0,0,0,0,0,0,0,0,0,0,0,0,0,0,0,0,1,2,,0,0,0,0,0,0,0,0,0,0,0,0,0,0,0,0,0,0,0,0,0,0,0,0,0,0,2,3,2,3,0
FOUR_1-FOUR_1,90,30,ctx1_fog00_p4ptrue_contract_tile_with_judge_implementation_selfish11_opv00_contractonly_nir,20260531_180857_426952_0c1b4f25,default,True,"[False, False]","[False, False]","[['G', 'R', 'B', 'R'], ['R', 'R', 'R', 'B'], ['R', 'R', 'B', 'B'], ['B', 'B', 'B', 'G']]",Mutual Dependency,"MD (2,2)",True,tile_with_judge_implementation,True,True,1,0,0,0,0,0,0,0,0,0,0,140,False,False,0,0,0,0,0,0,0,0,0,0,0,0,0,0,0,0,0,0,0,0,0,0,0,0,0,0,0,0,0,0,0,0,0,1,2,,0,0,0,0,0,0,0,0,0,0,0,0,0,0,0,0,0,0,0,0,0,0,0,0,0,0,2,3,2,3,0
FOUR_1-FOUR_1,91,31,ctx1_fog00_p4ptrue_contract_contract_for_finishing_selfish11_contractonly_nir,20260531_181032_421069_0b6df8bd,default,True,"[False, False]","[True, True]","[['G', 'R', 'B', 'R'], ['R', 'B', 'R', 'B'], ['R', 'R', 'B', 'B'], ['R', 'B', 'B', 'G']]",Mutual Dependency,"MD (2,2)",True,contract_for_finishing,True,True,1,0,0,0,0,0,0,0,0,0,0,140,False,False,0,0,0,0,0,0,0,0,0,0,0,0,0,0,0,0,0,0,0,0,0,0,0,0,0,0,0,0,0,0,0,0,0,1,2,,0,0,0,0,0,0,2,2,0,0,0,0,0,0,0,0,0,0,0,0,0,0,0,0,0,0,2,3,2,3,0
FOUR_1-FOUR_1,91,31,ctx1_fog00_p4ptrue_contract_contract_for_finishing_selfish11_opv00_contractonly_nir,20260531_195519_022270_5f631139,default,True,"[False, False]","[False, False]","[['G', 'R', 'B', 'R'], ['R', 'B', 'R', 'B'], ['R', 'R', 'B', 'B'], ['R', 'B', 'B', 'G']]",Mutual Dependency,"MD (2,2)",True,contract_for_finishing,True,True,1,0,0,0,0,0,0,0,0,0,0,140,False,False,0,0,0,0,0,0,0,0,0,0,0,0,0,0,0,0,0,0,0,0,0,0,0,0,0,0,0,0,0,0,0,0,0,1,2,,0,0,0,0,0,0,0,0,0,0,0,0,0,0,0,0,0,0,0,0,0,0,0,0,0,0,2,3,2,3,0
FOUR_1-FOUR_1,91,31,ctx1_fog00_p4ptrue_contract_strict_selfish11_contractonly_nir,20260531_180945_423507_057a827f,default,True,"[False, False]","[True, True]","[['G', 'R', 'B', 'R'], ['R', 'B', 'R', 'B'], ['R', 'R', 'B', 'B'], ['R', 'B', 'B', 'G']]",Mutual Dependency,"MD (2,2)",True,strict,True,True,1,0,0,0,0,0,0,0,0,0,0,140,False,False,0,0,0,0,0,0,0,0,0,0,0,0,0,0,0,0,0,0,0,0,0,0,0,0,0,0,0,0,0,0,0,0,0,1,2,4.0,2,2,0,0,0,0,0,0,0,0,0,0,0,0,0,0,0,0,0,0,0,0,0,0,0,0,2,3,2,3,0
FOUR_1-FOUR_1,91,31,ctx1_fog00_p4ptrue_contract_strict_selfish11_opv00_contractonly_nir,20260531_180916_633012_ffb9ec88,default,True,"[False, False]","[False, False]","[['G', 'R', 'B', 'R'], ['R', 'B', 'R', 'B'], ['R', 'R', 'B', 'B'], ['R', 'B', 'B', 'G']]",Mutual Dependency,"MD (2,2)",True,strict,True,True,1,0,0,0,0,0,0,0,0,0,0,140,False,False,0,0,0,0,0,0,0,0,0,0,0,0,0,0,0,0,0,0,0,0,0,0,0,0,0,0,0,0,0,0,0,0,0,1,2,4.0,2,2,0,0,0,0,0,0,0,0,0,0,0,0,0,0,0,0,0,0,0,0,0,0,0,0,2,3,2,3,0
FOUR_1-FOUR_1,91,31,ctx1_fog00_p4ptrue_contract_tile_with_judge_implementation_selfish11_contractonly_nir,20260531_181232_977725_6c421acf,default,True,"[False, False]","[True, True]","[['G', 'R', 'B', 'R'], ['R', 'B', 'R', 'B'], ['R', 'R', 'B', 'B'], ['R', 'B', 'B', 'G']]",Mutual Dependency,"MD (2,2)",True,tile_with_judge_implementation,True,True,1,0,0,0,0,0,0,0,0,0,0,140,False,False,0,0,0,0,0,0,0,0,0,0,0,0,0,0,0,0,0,0,0,0,0,0,0,0,0,0,0,0,0,0,0,0,0,1,2,,0,0,0,0,0,0,0,0,0,0,0,0,0,0,0,0,0,0,0,0,0,0,0,0,0,0,2,3,2,3,0
FOUR_1-FOUR_1,91,31,ctx1_fog00_p4ptrue_contract_tile_with_judge_implementation_selfish11_opv00_contractonly_nir,20260531_181129_053645_1b156efe,default,True,"[False, False]","[False, False]","[['G', 'R', 'B', 'R'], ['R', 'B', 'R', 'B'], ['R', 'R', 'B', 'B'], ['R', 'B', 'B', 'G']]",Mutual Dependency,"MD (2,2)",True,tile_with_judge_implementation,True,True,1,0,0,0,0,0,0,0,0,0,0,140,False,False,0,0,0,0,0,0,0,0,0,0,0,0,0,0,0,0,0,0,0,0,0,0,0,0,0,0,0,0,0,0,0,0,0,1,4,,0,0,0,0,0,0,0,0,0,0,0,0,0,0,0,0,0,0,0,0,0,0,0,0,0,0,2,3,2,3,0
FOUR_1-FOUR_1,92,32,ctx1_fog00_p4ptrue_contract_contract_for_finishing_selfish11_contractonly_nir,20260531_181438_133349_f9e5bf1d,default,True,"[False, False]","[True, True]","[['G', 'B', 'B', 'R'], ['B', 'B', 'R', 'B'], ['B', 'R', 'B', 'R'], ['R', 'R', 'R', 'G']]",Mutual Dependency,"MD (2,2)",True,contract_for_finishing,True,True,1,0,0,0,0,0,0,0,0,0,0,140,False,False,0,0,0,0,0,0,0,0,0,0,0,0,0,0,0,0,0,0,0,0,0,0,0,0,0,0,0,0,0,0,0,0,0,1,3,,0,0,0,0,0,0,4,6,0,0,0,0,0,0,0,0,0,0,0,0,0,0,0,0,0,0,2,3,2,3,0
FOUR_1-FOUR_1,92,32,ctx1_fog00_p4ptrue_contract_contract_for_finishing_selfish11_opv00_contractonly_nir,20260531_181338_626941_65d9b7d6,default,True,"[False, False]","[False, False]","[['G', 'B', 'B', 'R'], ['B', 'B', 'R', 'B'], ['B', 'R', 'B', 'R'], ['R', 'R', 'R', 'G']]",Mutual Dependency,"MD (2,2)",True,contract_for_finishing,True,True,1,0,0,0,0,0,0,0,0,0,0,140,False,False,0,0,0,0,0,0,0,0,0,0,0,0,0,0,0,0,0,0,0,0,0,0,0,0,0,0,0,0,0,0,0,0,0,1,3,,0,0,0,0,0,0,2,3,0,0,0,0,0,0,0,0,0,0,0,0,0,0,0,0,0,0,2,3,2,3,0
FOUR_1-FOUR_1,92,32,ctx1_fog00_p4ptrue_contract_strict_selfish11_contractonly_nir,20260531_181247_181498_71f4df2c,default,True,"[False, False]","[True, True]","[['G', 'B', 'B', 'R'], ['B', 'B', 'R', 'B'], ['B', 'R', 'B', 'R'], ['R', 'R', 'R', 'G']]",Mutual Dependency,"MD (2,2)",True,strict,True,True,1,0,0,0,0,0,0,0,0,0,0,140,False,False,0,0,0,0,0,0,0,0,0,0,0,0,0,0,0,0,0,0,0,0,0,0,0,0,0,0,0,0,0,0,0,0,0,1,2,4.0,2,2,0,0,0,0,0,0,0,0,0,0,0,0,0,0,0,0,0,0,0,0,0,0,0,0,2,3,2,3,0
FOUR_1-FOUR_1,92,32,ctx1_fog00_p4ptrue_contract_strict_selfish11_opv00_contractonly_nir,20260531_223032_699092_33d5f7b8,default,True,"[False, False]","[False, False]","[['G', 'B', 'B', 'R'], ['B', 'B', 'R', 'B'], ['B', 'R', 'B', 'R'], ['R', 'R', 'R', 'G']]",Mutual Dependency,"MD (2,2)",True,strict,True,True,1,0,0,0,0,0,0,0,0,0,0,140,False,False,0,0,0,0,0,0,0,0,0,0,0,0,0,0,0,0,0,0,0,0,0,0,0,0,0,0,0,0,0,0,0,0,0,1,2,4.0,2,2,0,0,0,0,0,0,0,0,0,0,0,0,0,0,0,0,0,0,0,0,0,0,0,0,2,3,2,3,0
FOUR_1-FOUR_1,92,32,ctx1_fog00_p4ptrue_contract_tile_with_judge_implementation_selfish11_contractonly_nir,20260531_181540_584481_5ebcfd4f,default,True,"[False, False]","[True, True]","[['G', 'B', 'B', 'R'], ['B', 'B', 'R', 'B'], ['B', 'R', 'B', 'R'], ['R', 'R', 'R', 'G']]",Mutual Dependency,"MD (2,2)",True,tile_with_judge_implementation,True,True,1,0,0,0,0,0,0,0,0,0,0,140,False,False,0,0,0,0,0,0,0,0,0,0,0,0,0,0,0,0,0,0,0,0,0,0,0,0,0,0,0,0,0,0,0,0,0,1,2,,0,0,0,0,0,0,0,0,0,0,0,0,0,0,0,0,0,0,0,0,0,0,0,0,0,0,2,3,2,3,0
FOUR_1-FOUR_1,92,32,ctx1_fog00_p4ptrue_contract_tile_with_judge_implementation_selfish11_opv00_contractonly_nir,20260531_181454_909106_e70f6f77,default,True,"[False, False]","[False, False]","[['G', 'B', 'B', 'R'], ['B', 'B', 'R', 'B'], ['B', 'R', 'B', 'R'], ['R', 'R', 'R', 'G']]",Mutual Dependency,"MD (2,2)",True,tile_with_judge_implementation,True,True,1,0,0,0,0,0,0,0,0,0,0,140,False,False,0,0,0,0,0,0,0,0,0,0,0,0,0,0,0,0,0,0,0,0,0,0,0,0,0,0,0,0,0,0,0,0,0,1,3,,0,0,0,0,0,0,0,0,0,0,0,0,0,0,0,0,0,0,0,0,0,0,0,0,0,0,2,3,2,3,0
FOUR_1-FOUR_1,93,33,ctx1_fog00_p4ptrue_contract_contract_for_finishing_selfish11_contractonly_nir,20260531_181655_583525_e338dd40,default,True,"[False, False]","[True, True]","[['G', 'R', 'R', 'B'], ['R', 'R', 'B', 'R'], ['R', 'B', 'B', 'B'], ['B', 'R', 'B', 'G']]",Mutual Dependency,"MD (2,2)",True,contract_for_finishing,True,True,1,0,0,0,0,0,0,0,0,0,0,140,False,False,0,0,0,0,0,0,0,0,0,0,0,0,0,0,0,0,0,0,0,0,0,0,0,0,0,0,0,0,0,0,0,0,0,1,3,,0,0,0,0,0,0,9,11,0,0,0,0,0,0,0,0,0,0,0,0,0,0,0,0,0,0,2,3,2,3,0
FOUR_1-FOUR_1,93,33,ctx1_fog00_p4ptrue_contract_contract_for_finishing_selfish11_opv00_contractonly_nir,20260531_181654_421524_c2bb0a26,default,True,"[False, False]","[False, False]","[['G', 'R', 'R', 'B'], ['R', 'R', 'B', 'R'], ['R', 'B', 'B', 'B'], ['B', 'R', 'B', 'G']]",Mutual Dependency,"MD (2,2)",True,contract_for_finishing,True,True,1,0,0,0,0,0,0,0,0,0,0,140,False,False,0,0,0,0,0,0,0,0,0,0,0,0,0,0,0,0,0,0,0,0,0,0,0,0,0,0,0,0,0,0,0,0,0,1,2,,0,0,0,0,0,0,8,8,0,0,0,0,0,0,0,0,0,0,0,0,0,0,0,0,0,0,2,3,2,3,0
FOUR_1-FOUR_1,93,33,ctx1_fog00_p4ptrue_contract_strict_selfish11_contractonly_nir,20260531_202833_417184_0a9c1cdf,default,True,"[False, False]","[True, True]","[['G', 'R', 'R', 'B'], ['R', 'R', 'B', 'R'], ['R', 'B', 'B', 'B'], ['B', 'R', 'B', 'G']]",Mutual Dependency,"MD (2,2)",True,strict,True,True,1,0,0,0,0,0,0,0,0,0,0,140,False,False,0,0,0,0,0,0,0,0,0,0,0,0,0,0,0,0,0,0,0,0,0,0,0,0,0,0,0,0,0,0,0,0,0,1,3,4.0,2,2,0,0,0,0,0,0,0,0,0,0,0,0,0,0,0,0,0,0,0,0,0,0,0,0,2,3,2,3,0
FOUR_1-FOUR_1,93,33,ctx1_fog00_p4ptrue_contract_strict_selfish11_opv00_contractonly_nir,20260531_195519_022340_7f21e78d,default,True,"[False, False]","[False, False]","[['G', 'R', 'R', 'B'], ['R', 'R', 'B', 'R'], ['R', 'B', 'B', 'B'], ['B', 'R', 'B', 'G']]",Mutual Dependency,"MD (2,2)",True,strict,True,True,1,0,0,0,0,0,0,0,0,0,0,140,False,False,0,0,0,0,0,0,0,0,0,0,0,0,0,0,0,0,0,0,0,0,0,0,0,0,0,0,0,0,0,0,0,0,0,1,2,4.0,2,2,0,0,0,0,0,0,0,0,0,0,0,0,0,0,0,0,0,0,0,0,0,0,0,0,2,3,2,3,0
FOUR_1-FOUR_1,93,33,ctx1_fog00_p4ptrue_contract_tile_with_judge_implementation_selfish11_contractonly_nir,20260531_181756_876950_11c50bf1,default,True,"[False, False]","[True, True]","[['G', 'R', 'R', 'B'], ['R', 'R', 'B', 'R'], ['R', 'B', 'B', 'B'], ['B', 'R', 'B', 'G']]",Mutual Dependency,"MD (2,2)",True,tile_with_judge_implementation,True,True,1,0,0,0,0,0,0,0,0,0,0,140,False,False,0,0,0,0,0,0,0,0,0,0,0,0,0,0,0,0,0,0,0,0,0,0,0,0,0,0,0,0,0,0,0,0,0,1,3,,0,0,0,0,0,0,0,0,0,0,0,0,0,0,0,0,0,0,0,0,0,0,0,0,0,0,2,3,2,3,0
FOUR_1-FOUR_1,93,33,ctx1_fog00_p4ptrue_contract_tile_with_judge_implementation_selfish11_opv00_contractonly_nir,20260531_181753_622630_962e8ec4,default,True,"[False, False]","[False, False]","[['G', 'R', 'R', 'B'], ['R', 'R', 'B', 'R'], ['R', 'B', 'B', 'B'], ['B', 'R', 'B', 'G']]",Mutual Dependency,"MD (2,2)",True,tile_with_judge_implementation,True,True,1,0,0,0,0,0,0,0,0,0,0,140,False,False,0,0,0,0,0,0,0,0,0,0,0,0,0,0,0,0,0,0,0,0,0,0,0,0,0,0,0,0,0,0,0,0,0,1,2,,0,0,0,0,0,0,0,0,0,0,0,0,0,0,0,0,0,0,0,0,0,0,0,0,0,0,2,3,2,3,0
FOUR_1-FOUR_1,94,34,ctx1_fog00_p4ptrue_contract_contract_for_finishing_selfish11_contractonly_nir,20260531_182105_602541_28bfd80b,default,True,"[False, False]","[True, True]","[['G', 'B', 'B', 'R'], ['B', 'B', 'R', 'B'], ['R', 'B', 'R', 'R'], ['B', 'R', 'R', 'G']]",Mutual Dependency,"MD (2,2)",True,contract_for_finishing,True,True,1,0,0,0,0,0,0,0,0,0,0,140,False,False,0,0,0,0,0,0,0,0,0,0,0,0,0,0,0,0,0,0,0,0,0,0,0,0,0,0,0,0,0,0,0,0,0,1,2,,0,0,0,0,0,0,6,6,0,0,0,0,0,0,0,0,0,0,0,0,0,0,0,0,0,0,2,3,2,3,0
FOUR_1-FOUR_1,94,34,ctx1_fog00_p4ptrue_contract_contract_for_finishing_selfish11_opv00_contractonly_nir,20260531_195533_669672_4f6ffda0,default,True,"[False, False]","[False, False]","[['G', 'B', 'B', 'R'], ['B', 'B', 'R', 'B'], ['R', 'B', 'R', 'R'], ['B', 'R', 'R', 'G']]",Mutual Dependency,"MD (2,2)",True,contract_for_finishing,True,True,1,0,0,0,0,0,0,0,0,0,0,140,False,False,0,0,0,0,0,0,0,0,0,0,0,0,0,0,0,0,0,0,0,0,0,0,0,0,0,0,0,0,0,0,0,0,0,1,2,,0,0,0,0,0,0,0,0,0,0,0,0,0,0,0,0,0,0,0,0,0,0,0,0,0,0,2,3,2,3,0
FOUR_1-FOUR_1,94,34,ctx1_fog00_p4ptrue_contract_strict_selfish11_contractonly_nir,20260531_223102_703971_e7ce3252,default,True,"[False, False]","[True, True]","[['G', 'B', 'B', 'R'], ['B', 'B', 'R', 'B'], ['R', 'B', 'R', 'R'], ['B', 'R', 'R', 'G']]",Mutual Dependency,"MD (2,2)",True,strict,True,True,1,0,0,0,0,0,0,0,0,0,0,140,False,False,0,0,0,0,0,0,0,0,0,0,0,0,0,0,0,0,0,0,0,0,0,0,0,0,0,0,0,0,0,0,0,0,0,1,2,5.0,2,3,0,0,0,0,0,0,0,0,0,0,0,0,0,0,0,0,0,0,0,0,0,0,0,0,2,3,2,3,0
FOUR_1-FOUR_1,94,34,ctx1_fog00_p4ptrue_contract_strict_selfish11_opv00_contractonly_nir,20260531_181830_630787_afd3e80c,default,True,"[False, False]","[False, False]","[['G', 'B', 'B', 'R'], ['B', 'B', 'R', 'B'], ['R', 'B', 'R', 'R'], ['B', 'R', 'R', 'G']]",Mutual Dependency,"MD (2,2)",True,strict,True,True,1,0,0,0,0,0,0,0,0,0,0,140,False,False,0,0,0,0,0,0,0,0,0,0,0,0,0,0,0,0,0,0,0,0,0,0,0,0,0,0,0,0,0,0,0,0,0,1,3,4.0,2,2,0,0,0,0,0,0,0,0,0,0,0,0,0,0,0,0,0,0,0,0,0,0,0,0,2,3,2,3,0
FOUR_1-FOUR_1,94,34,ctx1_fog00_p4ptrue_contract_tile_with_judge_implementation_selfish11_contractonly_nir,20260531_182151_090020_65de616c,default,True,"[False, False]","[True, True]","[['G', 'B', 'B', 'R'], ['B', 'B', 'R', 'B'], ['R', 'B', 'R', 'R'], ['B', 'R', 'R', 'G']]",Mutual Dependency,"MD (2,2)",True,tile_with_judge_implementation,True,True,1,0,0,0,0,0,0,0,0,0,0,140,False,False,0,0,0,0,0,0,0,0,0,0,0,0,0,0,0,0,0,0,0,0,0,0,0,0,0,0,0,0,0,0,0,0,0,1,2,,0,0,0,0,0,0,0,0,0,0,0,0,0,0,0,0,0,0,0,0,0,0,0,0,0,0,2,3,2,3,0
FOUR_1-FOUR_1,94,34,ctx1_fog00_p4ptrue_contract_tile_with_judge_implementation_selfish11_opv00_contractonly_nir,20260531_182137_721789_f4415a2a,default,True,"[False, False]","[False, False]","[['G', 'B', 'B', 'R'], ['B', 'B', 'R', 'B'], ['R', 'B', 'R', 'R'], ['B', 'R', 'R', 'G']]",Mutual Dependency,"MD (2,2)",True,tile_with_judge_implementation,True,True,1,0,0,0,0,0,0,0,0,0,0,140,False,False,0,0,0,0,0,0,0,0,0,0,0,0,0,0,0,0,0,0,0,0,0,0,0,0,0,0,0,0,0,0,0,0,0,1,2,,0,0,0,0,0,0,0,0,0,0,0,0,0,0,0,0,0,0,0,0,0,0,0,0,0,0,2,3,2,3,0
FOUR_1-FOUR_1,95,35,ctx1_fog00_p4ptrue_contract_contract_for_finishing_selfish11_contractonly_nir,20260531_182346_330045_20d8fda4,default,True,"[False, False]","[True, True]","[['G', 'B', 'B', 'B'], ['B', 'B', 'R', 'R'], ['B', 'B', 'R', 'R'], ['R', 'R', 'R', 'G']]",Mutual Dependency,"MD (2,2)",True,contract_for_finishing,True,True,1,0,0,0,0,0,0,0,0,0,0,140,False,False,0,0,0,0,0,0,0,0,0,0,0,0,0,0,0,0,0,0,0,0,0,0,0,0,0,0,0,0,0,0,0,0,0,1,2,,0,0,0,0,0,0,10,10,0,0,0,0,0,0,0,0,0,0,0,0,0,0,0,0,0,0,2,3,2,3,0
FOUR_1-FOUR_1,95,35,ctx1_fog00_p4ptrue_contract_contract_for_finishing_selfish11_opv00_contractonly_nir,20260531_182304_584863_4fecef90,default,True,"[False, False]","[False, False]","[['G', 'B', 'B', 'B'], ['B', 'B', 'R', 'R'], ['B', 'B', 'R', 'R'], ['R', 'R', 'R', 'G']]",Mutual Dependency,"MD (2,2)",True,contract_for_finishing,True,True,1,0,0,0,0,0,0,0,0,0,0,140,False,False,0,0,0,0,0,0,0,0,0,0,0,0,0,0,0,0,0,0,0,0,0,0,0,0,0,0,0,0,0,0,0,0,0,1,2,,0,0,0,0,0,0,0,0,0,0,0,0,0,0,0,0,0,0,0,0,0,0,0,0,0,0,2,3,2,3,0
FOUR_1-FOUR_1,95,35,ctx1_fog00_p4ptrue_contract_strict_selfish11_contractonly_nir,20260531_182229_433290_2550311c,default,True,"[False, False]","[True, True]","[['G', 'B', 'B', 'B'], ['B', 'B', 'R', 'R'], ['B', 'B', 'R', 'R'], ['R', 'R', 'R', 'G']]",Mutual Dependency,"MD (2,2)",True,strict,True,True,1,0,0,0,0,0,0,0,0,0,0,140,False,False,0,0,0,0,0,0,0,0,0,0,0,0,0,0,0,0,0,0,0,0,0,0,0,0,0,0,0,0,0,0,0,0,0,1,2,5.0,2,3,0,0,0,0,0,0,0,0,0,0,0,0,0,0,0,0,0,0,0,0,0,0,0,0,2,3,2,3,0
FOUR_1-FOUR_1,95,35,ctx1_fog00_p4ptrue_contract_strict_selfish11_opv00_contractonly_nir,20260531_182206_956436_2accc6ae,default,True,"[False, False]","[False, False]","[['G', 'B', 'B', 'B'], ['B', 'B', 'R', 'R'], ['B', 'B', 'R', 'R'], ['R', 'R', 'R', 'G']]",Mutual Dependency,"MD (2,2)",True,strict,True,True,1,0,0,0,0,0,0,0,0,0,0,140,False,False,0,0,0,0,0,0,0,0,0,0,0,0,0,0,0,0,0,0,0,0,0,0,0,0,0,0,0,0,0,0,0,0,0,1,2,4.0,2,2,0,0,0,0,0,0,0,0,0,0,0,0,0,0,0,0,0,0,0,0,0,0,0,0,2,3,2,3,0
FOUR_1-FOUR_1,95,35,ctx1_fog00_p4ptrue_contract_tile_with_judge_implementation_selfish11_contractonly_nir,20260531_195534_308087_6c06f17e,default,True,"[False, False]","[True, True]","[['G', 'B', 'B', 'B'], ['B', 'B', 'R', 'R'], ['B', 'B', 'R', 'R'], ['R', 'R', 'R', 'G']]",Mutual Dependency,"MD (2,2)",True,tile_with_judge_implementation,True,True,1,0,0,0,0,0,0,0,0,0,0,140,False,False,0,0,0,0,0,0,0,0,0,0,0,0,0,0,0,0,0,0,0,0,0,0,0,0,0,0,0,0,0,0,0,0,0,1,2,,0,0,0,0,0,0,0,0,0,0,0,0,0,0,0,0,0,0,0,0,0,0,0,0,0,0,2,3,2,3,0
FOUR_1-FOUR_1,95,35,ctx1_fog00_p4ptrue_contract_tile_with_judge_implementation_selfish11_opv00_contractonly_nir,20260531_182346_857992_08fae62f,default,True,"[False, False]","[False, False]","[['G', 'B', 'B', 'B'], ['B', 'B', 'R', 'R'], ['B', 'B', 'R', 'R'], ['R', 'R', 'R', 'G']]",Mutual Dependency,"MD (2,2)",True,tile_with_judge_implementation,True,True,1,0,0,0,0,0,0,0,0,0,0,140,False,False,0,0,0,0,0,0,0,0,0,0,0,0,0,0,0,0,0,0,0,0,0,0,0,0,0,0,0,0,0,0,0,0,0,1,2,,0,0,0,0,0,0,0,0,0,0,0,0,0,0,0,0,0,0,0,0,0,0,0,0,0,0,2,3,2,3,0
FOUR_1-FOUR_1,96,36,ctx1_fog00_p4ptrue_contract_contract_for_finishing_selfish11_contractonly_nir,20260531_182648_168646_3b08ee82,default,True,"[False, False]","[True, True]","[['G', 'B', 'R', 'R'], ['B', 'R', 'B', 'B'], ['R', 'R', 'B', 'R'], ['B', 'B', 'R', 'G']]",Mutual Dependency,"MD (2,2)",True,contract_for_finishing,True,True,1,0,0,0,0,0,0,0,0,0,0,140,False,False,0,0,0,0,0,0,0,0,0,0,0,0,0,0,0,0,0,0,0,0,0,0,0,0,0,0,0,0,0,0,0,0,0,1,3,,0,0,0,0,0,0,3,3,0,0,0,0,0,0,0,0,0,0,0,0,0,0,0,0,0,0,2,3,2,3,0
FOUR_1-FOUR_1,96,36,ctx1_fog00_p4ptrue_contract_contract_for_finishing_selfish11_opv00_contractonly_nir,20260531_182605_491296_81d00d9c,default,True,"[False, False]","[False, False]","[['G', 'B', 'R', 'R'], ['B', 'R', 'B', 'B'], ['R', 'R', 'B', 'R'], ['B', 'B', 'R', 'G']]",Mutual Dependency,"MD (2,2)",True,contract_for_finishing,True,True,1,0,0,0,0,0,0,0,0,0,0,140,False,False,0,0,0,0,0,0,0,0,0,0,0,0,0,0,0,0,0,0,0,0,0,0,0,0,0,0,0,0,0,0,0,0,0,1,2,,0,0,0,0,0,0,0,0,0,0,0,0,0,0,0,0,0,0,0,0,0,0,0,0,0,0,2,3,2,3,0
FOUR_1-FOUR_1,96,36,ctx1_fog00_p4ptrue_contract_strict_selfish11_contractonly_nir,20260531_182516_019291_245da421,default,True,"[False, False]","[True, True]","[['G', 'B', 'R', 'R'], ['B', 'R', 'B', 'B'], ['R', 'R', 'B', 'R'], ['B', 'B', 'R', 'G']]",Mutual Dependency,"MD (2,2)",True,strict,True,True,1,0,0,0,0,0,0,0,0,0,0,140,False,False,0,0,0,0,0,0,0,0,0,0,0,0,0,0,0,0,0,0,0,0,0,0,0,0,0,0,0,0,0,0,0,0,0,1,3,4.0,2,2,0,0,0,0,0,0,0,0,0,0,0,0,0,0,0,0,0,0,0,0,0,0,0,0,2,3,2,3,0
FOUR_1-FOUR_1,96,36,ctx1_fog00_p4ptrue_contract_strict_selfish11_opv00_contractonly_nir,20260531_195557_290486_befc7a76,default,True,"[False, False]","[False, False]","[['G', 'B', 'R', 'R'], ['B', 'R', 'B', 'B'], ['R', 'R', 'B', 'R'], ['B', 'B', 'R', 'G']]",Mutual Dependency,"MD (2,2)",True,strict,True,True,1,0,0,0,0,0,0,0,0,0,0,140,False,False,0,0,0,0,0,0,0,0,0,0,0,0,0,0,0,0,0,0,0,0,0,0,0,0,0,0,0,0,0,0,0,0,0,1,2,4.0,2,2,0,0,0,0,0,0,0,0,0,0,0,0,0,0,0,0,0,0,0,0,0,0,0,0,2,3,2,3,0
FOUR_1-FOUR_1,96,36,ctx1_fog00_p4ptrue_contract_tile_with_judge_implementation_selfish11_contractonly_nir,20260531_182742_951489_40d4e78a,default,True,"[False, False]","[True, True]","[['G', 'B', 'R', 'R'], ['B', 'R', 'B', 'B'], ['R', 'R', 'B', 'R'], ['B', 'B', 'R', 'G']]",Mutual Dependency,"MD (2,2)",True,tile_with_judge_implementation,True,True,1,0,0,0,0,0,0,0,0,0,0,140,False,False,0,0,0,0,0,0,0,0,0,0,0,0,0,0,0,0,0,0,0,0,0,0,0,0,0,0,0,0,0,0,0,0,0,1,2,,0,0,0,0,0,0,0,0,0,0,0,0,0,0,0,0,0,0,0,0,0,0,0,0,0,0,2,3,2,3,0
FOUR_1-FOUR_1,96,36,ctx1_fog00_p4ptrue_contract_tile_with_judge_implementation_selfish11_opv00_contractonly_nir,20260531_182656_920585_8407b890,default,True,"[False, False]","[False, False]","[['G', 'B', 'R', 'R'], ['B', 'R', 'B', 'B'], ['R', 'R', 'B', 'R'], ['B', 'B', 'R', 'G']]",Mutual Dependency,"MD (2,2)",True,tile_with_judge_implementation,True,True,1,0,0,0,0,0,0,0,0,0,0,140,False,False,0,0,0,0,0,0,0,0,0,0,0,0,0,0,0,0,0,0,0,0,0,0,0,0,0,0,0,0,0,0,0,0,0,1,3,,0,0,0,0,0,0,0,0,0,0,0,0,0,0,0,0,0,0,0,0,0,0,0,0,0,0,2,3,2,3,0
FOUR_1-FOUR_1,97,37,ctx1_fog00_p4ptrue_contract_contract_for_finishing_selfish11_contractonly_nir,20260531_182941_728434_15654e73,default,True,"[False, False]","[True, True]","[['G', 'R', 'B', 'B'], ['B', 'B', 'R', 'B'], ['R', 'R', 'B', 'R'], ['R', 'B', 'R', 'G']]",Mutual Dependency,"MD (2,2)",True,contract_for_finishing,True,True,1,0,0,0,0,0,0,0,0,0,0,140,False,False,0,0,0,0,0,0,0,0,0,0,0,0,0,0,0,0,0,0,0,0,0,0,0,0,0,0,0,0,0,0,0,0,0,1,2,,0,0,0,0,0,0,10,10,0,0,0,0,0,0,0,0,0,0,0,0,0,0,0,0,0,0,2,3,2,3,0
FOUR_1-FOUR_1,97,37,ctx1_fog00_p4ptrue_contract_contract_for_finishing_selfish11_opv00_contractonly_nir,20260531_182910_679230_4911bfe8,default,True,"[False, False]","[False, False]","[['G', 'R', 'B', 'B'], ['B', 'B', 'R', 'B'], ['R', 'R', 'B', 'R'], ['R', 'B', 'R', 'G']]",Mutual Dependency,"MD (2,2)",True,contract_for_finishing,True,True,1,0,0,0,0,0,0,0,0,0,0,140,False,False,0,0,0,0,0,0,0,0,0,0,0,0,0,0,0,0,0,0,0,0,0,0,0,0,0,0,0,0,0,0,0,0,0,1,2,,0,0,0,0,0,0,0,0,0,0,0,0,0,0,0,0,0,0,0,0,0,0,0,0,0,0,2,3,2,3,0
FOUR_1-FOUR_1,97,37,ctx1_fog00_p4ptrue_contract_strict_selfish11_contractonly_nir,20260531_223132_709024_0451e5e8,default,True,"[False, False]","[True, True]","[['G', 'R', 'B', 'B'], ['B', 'B', 'R', 'B'], ['R', 'R', 'B', 'R'], ['R', 'B', 'R', 'G']]",Mutual Dependency,"MD (2,2)",True,strict,True,True,1,0,0,0,0,0,0,0,0,0,0,140,False,False,0,0,0,0,0,0,0,0,0,0,0,0,0,0,0,0,0,0,0,0,0,0,0,0,0,0,0,0,0,0,0,0,0,1,2,5.0,3,2,0,0,0,0,0,0,0,0,0,0,0,0,0,0,0,0,0,0,0,0,0,0,0,0,2,3,2,3,0
FOUR_1-FOUR_1,97,37,ctx1_fog00_p4ptrue_contract_strict_selfish11_opv00_contractonly_nir,20260531_182806_201283_195e8677,default,True,"[False, False]","[False, False]","[['G', 'R', 'B', 'B'], ['B', 'B', 'R', 'B'], ['R', 'R', 'B', 'R'], ['R', 'B', 'R', 'G']]",Mutual Dependency,"MD (2,2)",True,strict,True,True,1,0,0,0,0,0,0,0,0,0,0,140,False,False,0,0,0,0,0,0,0,0,0,0,0,0,0,0,0,0,0,0,0,0,0,0,0,0,0,0,0,0,0,0,0,0,0,1,3,4.0,2,2,0,0,0,0,0,0,0,0,0,0,0,0,0,0,0,0,0,0,0,0,0,0,0,0,2,3,2,3,0
FOUR_1-FOUR_1,97,37,ctx1_fog00_p4ptrue_contract_tile_with_judge_implementation_selfish11_contractonly_nir,20260531_183041_252557_761f7919,default,True,"[False, False]","[True, True]","[['G', 'R', 'B', 'B'], ['B', 'B', 'R', 'B'], ['R', 'R', 'B', 'R'], ['R', 'B', 'R', 'G']]",Mutual Dependency,"MD (2,2)",True,tile_with_judge_implementation,True,True,1,0,0,0,0,0,0,0,0,0,0,140,False,False,0,0,0,0,0,0,0,0,0,0,0,0,0,0,0,0,0,0,0,0,0,0,0,0,0,0,0,0,0,0,0,0,0,1,2,,0,0,0,0,0,0,0,0,0,0,0,0,0,0,0,0,0,0,0,0,0,0,0,0,0,0,2,3,2,3,0
FOUR_1-FOUR_1,97,37,ctx1_fog00_p4ptrue_contract_tile_with_judge_implementation_selfish11_opv00_contractonly_nir,20260531_183017_216716_5e288a81,default,True,"[False, False]","[False, False]","[['G', 'R', 'B', 'B'], ['B', 'B', 'R', 'B'], ['R', 'R', 'B', 'R'], ['R', 'B', 'R', 'G']]",Mutual Dependency,"MD (2,2)",True,tile_with_judge_implementation,True,True,1,0,0,0,0,0,0,0,0,0,0,140,False,False,0,0,0,0,0,0,0,0,0,0,0,0,0,0,0,0,0,0,0,0,0,0,0,0,0,0,0,0,0,0,0,0,0,1,2,,0,0,0,0,0,0,0,0,0,0,0,0,0,0,0,0,0,0,0,0,0,0,0,0,0,0,2,3,2,3,0
FOUR_1-FOUR_1,98,38,ctx1_fog00_p4ptrue_contract_contract_for_finishing_selfish11_contractonly_nir,20260531_195647_545593_e5c3d719,default,True,"[False, False]","[True, True]","[['G', 'B', 'B', 'R'], ['B', 'B', 'R', 'R'], ['B', 'R', 'R', 'B'], ['B', 'R', 'R', 'G']]",Mutual Dependency,"MD (2,2)",True,contract_for_finishing,True,True,1,0,0,0,0,0,0,0,0,0,0,140,False,False,0,0,0,0,0,0,0,0,0,0,0,0,0,0,0,0,0,0,0,0,0,0,0,0,0,0,0,0,0,0,0,0,0,1,3,,0,0,0,0,0,0,10,10,0,0,0,0,0,0,0,0,0,0,0,0,0,0,0,0,0,0,2,3,2,3,0
FOUR_1-FOUR_1,98,38,ctx1_fog00_p4ptrue_contract_contract_for_finishing_selfish11_opv00_contractonly_nir,20260531_183156_810797_2f202636,default,True,"[False, False]","[False, False]","[['G', 'B', 'B', 'R'], ['B', 'B', 'R', 'R'], ['B', 'R', 'R', 'B'], ['B', 'R', 'R', 'G']]",Mutual Dependency,"MD (2,2)",True,contract_for_finishing,True,True,1,0,0,0,0,0,0,0,0,0,0,140,False,False,0,0,0,0,0,0,0,0,0,0,0,0,0,0,0,0,0,0,0,0,0,0,0,0,0,0,0,0,0,0,0,0,0,1,3,,0,0,0,0,0,0,7,3,0,0,0,0,0,0,0,0,0,0,0,0,0,0,0,0,0,0,2,3,2,3,0
FOUR_1-FOUR_1,98,38,ctx1_fog00_p4ptrue_contract_strict_selfish11_contractonly_nir,20260531_183108_967966_75f62b25,default,True,"[False, False]","[True, True]","[['G', 'B', 'B', 'R'], ['B', 'B', 'R', 'R'], ['B', 'R', 'R', 'B'], ['B', 'R', 'R', 'G']]",Mutual Dependency,"MD (2,2)",True,strict,True,True,1,0,0,0,0,0,0,0,0,0,0,140,False,False,0,0,0,0,0,0,0,0,0,0,0,0,0,0,0,0,0,0,0,0,0,0,0,0,0,0,0,0,0,0,0,0,0,1,3,5.0,3,2,0,0,0,0,0,0,0,0,0,0,0,0,0,0,0,0,0,0,0,0,0,0,0,0,2,3,2,3,0
FOUR_1-FOUR_1,98,38,ctx1_fog00_p4ptrue_contract_strict_selfish11_opv00_contractonly_nir,20260531_183107_309476_8b933b5a,default,True,"[False, False]","[False, False]","[['G', 'B', 'B', 'R'], ['B', 'B', 'R', 'R'], ['B', 'R', 'R', 'B'], ['B', 'R', 'R', 'G']]",Mutual Dependency,"MD (2,2)",True,strict,True,True,1,0,0,0,0,0,0,0,0,0,0,140,False,False,0,0,0,0,0,0,0,0,0,0,0,0,0,0,0,0,0,0,0,0,0,0,0,0,0,0,0,0,0,0,0,0,0,1,2,4.0,2,2,0,0,0,0,0,0,0,0,0,0,0,0,0,0,0,0,0,0,0,0,0,0,0,0,2,3,2,3,0
FOUR_1-FOUR_1,98,38,ctx1_fog00_p4ptrue_contract_tile_with_judge_implementation_selfish11_contractonly_nir,20260531_202903_427925_af73bac4,default,True,"[False, False]","[True, True]","[['G', 'B', 'B', 'R'], ['B', 'B', 'R', 'R'], ['B', 'R', 'R', 'B'], ['B', 'R', 'R', 'G']]",Mutual Dependency,"MD (2,2)",True,tile_with_judge_implementation,True,True,1,0,0,0,0,0,0,0,0,0,0,140,False,False,0,0,0,0,0,0,0,0,0,0,0,0,0,0,0,0,0,0,0,0,0,0,0,0,0,0,0,0,0,0,0,0,0,1,2,,0,0,0,0,0,0,0,0,0,0,0,0,0,0,0,0,0,0,0,0,0,0,0,0,0,0,2,3,2,3,0
FOUR_1-FOUR_1,98,38,ctx1_fog00_p4ptrue_contract_tile_with_judge_implementation_selfish11_opv00_contractonly_nir,20260531_195647_638408_9237f0a1,default,True,"[False, False]","[False, False]","[['G', 'B', 'B', 'R'], ['B', 'B', 'R', 'R'], ['B', 'R', 'R', 'B'], ['B', 'R', 'R', 'G']]",Mutual Dependency,"MD (2,2)",True,tile_with_judge_implementation,True,True,1,0,0,0,0,0,0,0,0,0,0,140,False,False,0,0,0,0,0,0,0,0,0,0,0,0,0,0,0,0,0,0,0,0,0,0,0,0,0,0,0,0,0,0,0,0,0,1,2,,0,0,0,0,0,0,0,0,0,0,0,0,0,0,0,0,0,0,0,0,0,0,0,0,0,0,2,3,2,3,0
FOUR_1-FOUR_1,99,39,ctx1_fog00_p4ptrue_contract_contract_for_finishing_selfish11_contractonly_nir,20260531_195944_776031_79ea42b4,default,True,"[False, False]","[True, True]","[['G', 'R', 'R', 'B'], ['R', 'B', 'R', 'B'], ['B', 'R', 'B', 'B'], ['R', 'R', 'B', 'G']]",Mutual Dependency,"MD (2,2)",True,contract_for_finishing,True,True,1,0,0,0,0,0,0,0,0,0,0,140,False,False,0,0,0,0,0,0,0,0,0,0,0,0,0,0,0,0,0,0,0,0,0,0,0,0,0,0,0,0,0,0,0,0,0,1,2,,0,0,0,0,0,0,10,10,0,0,0,0,0,0,0,0,0,0,0,0,0,0,0,0,0,0,2,3,2,3,0
FOUR_1-FOUR_1,99,39,ctx1_fog00_p4ptrue_contract_contract_for_finishing_selfish11_opv00_contractonly_nir,20260531_223204_022406_cddb74ad,default,True,"[False, False]","[False, False]","[['G', 'R', 'R', 'B'], ['R', 'B', 'R', 'B'], ['B', 'R', 'B', 'B'], ['R', 'R', 'B', 'G']]",Mutual Dependency,"MD (2,2)",True,contract_for_finishing,True,True,1,0,0,0,0,0,0,0,0,0,0,140,False,False,0,0,0,0,0,0,0,0,0,0,0,0,0,0,0,0,0,0,0,0,0,0,0,0,0,0,0,0,0,0,0,0,0,1,2,,0,0,0,0,0,0,0,0,0,0,0,0,0,0,0,0,0,0,0,0,0,0,0,0,0,0,2,3,2,3,0
FOUR_1-FOUR_1,99,39,ctx1_fog00_p4ptrue_contract_strict_selfish11_contractonly_nir,20260531_195844_273839_e196f9fc,default,True,"[False, False]","[True, True]","[['G', 'R', 'R', 'B'], ['R', 'B', 'R', 'B'], ['B', 'R', 'B', 'B'], ['R', 'R', 'B', 'G']]",Mutual Dependency,"MD (2,2)",True,strict,True,True,1,0,0,0,0,0,0,0,0,0,0,140,False,False,0,0,0,0,0,0,0,0,0,0,0,0,0,0,0,0,0,0,0,0,0,0,0,0,0,0,0,0,0,0,0,0,0,1,2,4.0,2,2,0,0,0,0,0,0,0,0,0,0,0,0,0,0,0,0,0,0,0,0,0,0,0,0,2,3,2,3,0
FOUR_1-FOUR_1,99,39,ctx1_fog00_p4ptrue_contract_strict_selfish11_opv00_contractonly_nir,20260531_195843_950913_d3a3ca73,default,True,"[False, False]","[False, False]","[['G', 'R', 'R', 'B'], ['R', 'B', 'R', 'B'], ['B', 'R', 'B', 'B'], ['R', 'R', 'B', 'G']]",Mutual Dependency,"MD (2,2)",True,strict,True,True,1,0,0,0,0,0,0,0,0,0,0,140,False,False,0,0,0,0,0,0,0,0,0,0,0,0,0,0,0,0,0,0,0,0,0,0,0,0,0,0,0,0,0,0,0,0,0,1,2,4.0,2,2,0,0,0,0,0,0,0,0,0,0,0,0,0,0,0,0,0,0,0,0,0,0,0,0,2,3,2,3,0
FOUR_1-FOUR_1,99,39,ctx1_fog00_p4ptrue_contract_tile_with_judge_implementation_selfish11_contractonly_nir,20260531_200051_907675_a673cd33,default,True,"[False, False]","[True, True]","[['G', 'R', 'R', 'B'], ['R', 'B', 'R', 'B'], ['B', 'R', 'B', 'B'], ['R', 'R', 'B', 'G']]",Mutual Dependency,"MD (2,2)",True,tile_with_judge_implementation,True,True,1,0,0,0,0,0,0,0,0,0,0,140,False,False,0,0,0,0,0,0,0,0,0,0,0,0,0,0,0,0,0,0,0,0,0,0,0,0,0,0,0,0,0,0,0,0,0,1,2,,0,0,0,0,0,0,0,0,0,0,0,0,0,0,0,0,0,0,0,0,0,0,0,0,0,0,2,3,2,3,0
FOUR_1-FOUR_1,99,39,ctx1_fog00_p4ptrue_contract_tile_with_judge_implementation_selfish11_opv00_contractonly_nir,20260531_200034_612163_5f95936f,default,True,"[False, False]","[False, False]","[['G', 'R', 'R', 'B'], ['R', 'B', 'R', 'B'], ['B', 'R', 'B', 'B'], ['R', 'R', 'B', 'G']]",Mutual Dependency,"MD (2,2)",True,tile_with_judge_implementation,True,True,1,0,0,0,0,0,0,0,0,0,0,140,False,False,0,0,0,0,0,0,0,0,0,0,0,0,0,0,0,0,0,0,0,0,0,0,0,0,0,0,0,0,0,0,0,0,0,1,2,,0,0,0,0,0,0,0,0,0,0,0,0,0,0,0,0,0,0,0,0,0,0,0,0,0,0,2,3,2,3,0
FOUR_1-FOUR_1,104,40,ctx1_fog00_p4ptrue_contract_contract_for_finishing_selfish11_contractonly_nir,20260531_203150_420970_9bcf6052,default,True,"[False, False]","[True, True]","[['G', 'B', 'B', 'B'], ['R', 'R', 'R', 'B'], ['B', 'B', 'R', 'R'], ['R', 'B', 'R', 'G']]",Needy Player (Blue),NP-Blue (Need=1),True,contract_for_finishing,True,True,1,0,0,0,0,70,0,0,0,0,0,140,False,False,0,0,0,0,0,0,0,0,0,0,0,0,0,0,0,0,0,0,0,0,0,0,0,0,0,0,0,0,0,0,0,0,0,0,8,0.0,0,0,0,0,0,0,0,0,0,0,0,0,0,0,0,0,0,0,0,0,0,0,0,0,0,0,1,3,0,3,1
FOUR_1-FOUR_1,104,40,ctx1_fog00_p4ptrue_contract_contract_for_finishing_selfish11_opv00_contractonly_nir,20260531_203120_418672_de1c3081,default,True,"[False, False]","[False, False]","[['G', 'B', 'B', 'B'], ['R', 'R', 'R', 'B'], ['B', 'B', 'R', 'R'], ['R', 'B', 'R', 'G']]",Needy Player (Blue),NP-Blue (Need=1),True,contract_for_finishing,True,True,1,0,0,0,0,70,0,0,0,0,0,140,False,False,0,0,0,0,0,0,0,0,0,0,0,0,0,0,0,0,0,0,0,0,0,0,0,0,0,0,0,0,0,0,0,0,0,1,2,,0,0,0,0,0,0,1,0,0,0,0,0,0,0,0,0,0,0,0,0,0,0,0,0,0,0,1,3,0,3,1
FOUR_1-FOUR_1,104,40,ctx1_fog00_p4ptrue_contract_strict_selfish11_contractonly_nir,20260531_203039_663809_fec4753c,default,True,"[False, False]","[True, True]","[['G', 'B', 'B', 'B'], ['R', 'R', 'R', 'B'], ['B', 'B', 'R', 'R'], ['R', 'B', 'R', 'G']]",Needy Player (Blue),NP-Blue (Need=1),True,strict,True,True,1,0,0,0,0,70,0,0,0,0,0,140,False,False,0,0,0,0,0,0,0,0,0,0,0,0,0,0,0,0,0,0,0,0,0,0,0,0,0,0,0,0,0,0,0,0,0,1,3,2.0,1,1,0,0,0,0,0,0,0,0,0,0,0,0,0,0,0,0,0,0,0,0,0,0,0,0,1,3,0,3,1
FOUR_1-FOUR_1,104,40,ctx1_fog00_p4ptrue_contract_strict_selfish11_opv00_contractonly_nir,20260531_202933_433855_dd3b2083,default,True,"[False, False]","[False, False]","[['G', 'B', 'B', 'B'], ['R', 'R', 'R', 'B'], ['B', 'B', 'R', 'R'], ['R', 'B', 'R', 'G']]",Needy Player (Blue),NP-Blue (Need=1),True,strict,True,True,1,0,0,0,0,70,0,0,0,0,0,140,False,False,0,0,0,0,0,0,0,0,0,0,0,0,0,0,0,0,0,0,0,0,0,0,0,0,0,0,0,0,0,0,0,0,0,1,4,2.0,1,1,0,0,0,0,0,0,0,0,0,0,0,0,0,0,0,0,0,0,0,0,0,0,0,0,1,3,0,3,1
FOUR_1-FOUR_1,104,40,ctx1_fog00_p4ptrue_contract_tile_with_judge_implementation_selfish11_contractonly_nir,20260531_203715_647239_3f493f5a,default,True,"[False, False]","[True, True]","[['G', 'B', 'B', 'B'], ['R', 'R', 'R', 'B'], ['B', 'B', 'R', 'R'], ['R', 'B', 'R', 'G']]",Needy Player (Blue),NP-Blue (Need=1),True,tile_with_judge_implementation,True,True,1,0,0,0,0,70,0,0,0,0,0,140,False,False,0,0,0,0,0,0,0,0,0,0,0,0,0,0,0,0,0,0,0,0,0,0,0,0,0,0,0,0,0,0,0,0,0,1,3,,0,0,0,0,0,0,0,0,0,0,0,0,0,0,0,0,0,0,0,0,0,0,0,0,0,0,1,3,0,3,1
FOUR_1-FOUR_1,104,40,ctx1_fog00_p4ptrue_contract_tile_with_judge_implementation_selfish11_opv00_contractonly_nir,20260531_203425_652262_4bbe5bb9,default,True,"[False, False]","[False, False]","[['G', 'B', 'B', 'B'], ['R', 'R', 'R', 'B'], ['B', 'B', 'R', 'R'], ['R', 'B', 'R', 'G']]",Needy Player (Blue),NP-Blue (Need=1),True,tile_with_judge_implementation,True,True,1,0,0,0,0,70,0,0,0,0,0,140,False,False,0,0,0,0,0,0,0,0,0,0,0,0,0,0,0,0,0,0,0,0,0,0,0,0,0,0,0,0,0,0,0,0,0,0,8,0.0,0,0,0,0,0,0,0,0,0,0,0,0,0,0,0,0,0,0,0,0,0,0,0,0,0,0,1,3,0,3,1
FOUR_1-FOUR_1,105,41,ctx1_fog00_p4ptrue_contract_contract_for_finishing_selfish11_contractonly_nir,20260531_204257_224985_e7949dee,default,True,"[False, False]","[True, True]","[['G', 'B', 'B', 'B'], ['R', 'R', 'R', 'B'], ['R', 'B', 'R', 'R'], ['B', 'B', 'R', 'G']]",Needy Player (Blue),NP-Blue (Need=1),True,contract_for_finishing,True,True,1,0,0,0,0,70,0,0,0,0,0,140,False,False,0,0,0,0,0,0,0,0,0,0,0,0,0,0,0,0,0,0,0,0,0,0,0,0,0,0,0,0,0,0,0,0,0,1,2,,0,0,0,0,0,0,20,0,0,0,0,0,0,0,0,0,0,0,0,0,0,0,0,0,0,0,1,3,0,3,1
FOUR_1-FOUR_1,105,41,ctx1_fog00_p4ptrue_contract_contract_for_finishing_selfish11_opv00_contractonly_nir,20260531_204227_219804_ef4f1344,default,True,"[False, False]","[False, False]","[['G', 'B', 'B', 'B'], ['R', 'R', 'R', 'B'], ['R', 'B', 'R', 'R'], ['B', 'B', 'R', 'G']]",Needy Player (Blue),NP-Blue (Need=1),True,contract_for_finishing,True,True,1,0,0,0,0,70,0,0,0,0,0,140,False,False,0,0,0,0,0,0,0,0,0,0,0,0,0,0,0,0,0,0,0,0,0,0,0,0,0,0,0,0,0,0,0,0,0,1,2,,0,0,0,0,0,0,3,0,0,0,0,0,0,0,0,0,0,0,0,0,0,0,0,0,0,0,1,3,0,3,1
FOUR_1-FOUR_1,105,41,ctx1_fog00_p4ptrue_contract_strict_selfish11_contractonly_nir,20260531_204028_845689_4e0bcce7,default,True,"[False, False]","[True, True]","[['G', 'B', 'B', 'B'], ['R', 'R', 'R', 'B'], ['R', 'B', 'R', 'R'], ['B', 'B', 'R', 'G']]",Needy Player (Blue),NP-Blue (Need=1),True,strict,True,True,1,0,0,0,0,70,0,0,0,0,0,140,False,False,0,0,0,0,0,0,0,0,0,0,0,0,0,0,0,0,0,0,0,0,0,0,0,0,0,0,0,0,0,0,0,0,0,1,2,10.0,6,4,0,0,0,0,0,0,0,0,0,0,0,0,0,0,0,0,0,0,0,0,0,0,0,0,1,3,0,3,1
FOUR_1-FOUR_1,105,41,ctx1_fog00_p4ptrue_contract_strict_selfish11_opv00_contractonly_nir,20260531_203745_649440_46b1d842,default,True,"[False, False]","[False, False]","[['G', 'B', 'B', 'B'], ['R', 'R', 'R', 'B'], ['R', 'B', 'R', 'R'], ['B', 'B', 'R', 'G']]",Needy Player (Blue),NP-Blue (Need=1),True,strict,True,True,1,0,0,0,0,70,0,0,0,0,0,140,False,False,0,0,0,0,0,0,0,0,0,0,0,0,0,0,0,0,0,0,0,0,0,0,0,0,0,0,0,0,0,0,0,0,0,0,8,0.0,0,0,0,0,0,0,0,0,0,0,0,0,0,0,0,0,0,0,0,0,0,0,0,0,0,0,1,3,0,3,1
FOUR_1-FOUR_1,105,41,ctx1_fog00_p4ptrue_contract_tile_with_judge_implementation_selfish11_contractonly_nir,20260531_204526_322045_db34fa90,default,True,"[False, False]","[True, True]","[['G', 'B', 'B', 'B'], ['R', 'R', 'R', 'B'], ['R', 'B', 'R', 'R'], ['B', 'B', 'R', 'G']]",Needy Player (Blue),NP-Blue (Need=1),True,tile_with_judge_implementation,True,True,1,0,0,0,0,70,0,0,0,0,0,140,False,False,0,0,0,0,0,0,0,0,0,0,0,0,0,0,0,0,0,0,0,0,0,0,0,0,0,0,0,0,0,0,0,0,0,0,8,0.0,0,0,0,0,0,0,0,0,0,0,0,0,0,0,0,0,0,0,0,0,0,0,0,0,0,0,1,3,0,3,1
FOUR_1-FOUR_1,105,41,ctx1_fog00_p4ptrue_contract_tile_with_judge_implementation_selfish11_opv00_contractonly_nir,20260531_204327_231985_6603f875,default,True,"[False, False]","[False, False]","[['G', 'B', 'B', 'B'], ['R', 'R', 'R', 'B'], ['R', 'B', 'R', 'R'], ['B', 'B', 'R', 'G']]",Needy Player (Blue),NP-Blue (Need=1),True,tile_with_judge_implementation,True,True,1,0,0,0,0,70,0,0,0,0,0,140,False,False,0,0,0,0,0,0,0,0,0,0,0,0,0,0,0,0,0,0,0,0,0,0,0,0,0,0,0,0,0,0,0,0,0,1,5,,0,0,0,0,0,0,0,0,0,0,0,0,0,0,0,0,0,0,0,0,0,0,0,0,0,0,1,3,0,3,1
FOUR_1-FOUR_1,106,42,ctx1_fog00_p4ptrue_contract_contract_for_finishing_selfish11_contractonly_nir,20260531_205342_169863_ab277fa4,default,True,"[False, False]","[True, True]","[['G', 'B', 'B', 'B'], ['R', 'B', 'R', 'B'], ['R', 'B', 'B', 'R'], ['R', 'R', 'R', 'G']]",Needy Player (Blue),NP-Blue (Need=1),True,contract_for_finishing,True,True,1,0,0,0,0,70,0,0,0,0,0,140,False,False,0,0,0,0,0,0,0,0,0,0,0,0,0,0,0,0,0,0,0,0,0,0,0,0,0,0,0,0,0,0,0,0,0,1,4,,0,0,0,0,0,0,20,0,0,0,0,0,0,0,0,0,0,0,0,0,0,0,0,0,0,0,1,3,0,3,1
FOUR_1-FOUR_1,106,42,ctx1_fog00_p4ptrue_contract_contract_for_finishing_selfish11_opv00_contractonly_nir,20260531_205312_163129_2796f39c,default,True,"[False, False]","[False, False]","[['G', 'B', 'B', 'B'], ['R', 'B', 'R', 'B'], ['R', 'B', 'B', 'R'], ['R', 'R', 'R', 'G']]",Needy Player (Blue),NP-Blue (Need=1),True,contract_for_finishing,True,True,1,0,0,0,0,70,0,0,0,0,0,140,False,False,0,0,0,0,0,0,0,0,0,0,0,0,0,0,0,0,0,0,0,0,0,0,0,0,0,0,0,0,0,0,0,0,0,1,2,,0,0,0,0,0,0,0,0,0,0,0,0,0,0,0,0,0,0,0,0,0,0,0,0,0,0,1,3,0,3,1
FOUR_1-FOUR_1,106,42,ctx1_fog00_p4ptrue_contract_strict_selfish11_contractonly_nir,20260531_205116_518779_1dcffe57,default,True,"[False, False]","[True, True]","[['G', 'B', 'B', 'B'], ['R', 'B', 'R', 'B'], ['R', 'B', 'B', 'R'], ['R', 'R', 'R', 'G']]",Needy Player (Blue),NP-Blue (Need=1),True,strict,True,True,1,0,0,0,0,70,0,0,0,0,0,140,False,False,0,0,0,0,0,0,0,0,0,0,0,0,0,0,0,0,0,0,0,0,0,0,0,0,0,0,0,0,0,0,0,0,0,1,3,2.0,1,1,0,0,0,0,0,0,0,0,0,0,0,0,0,0,0,0,0,0,0,0,0,0,0,0,1,3,0,3,1
FOUR_1-FOUR_1,106,42,ctx1_fog00_p4ptrue_contract_strict_selfish11_opv00_contractonly_nir,20260531_204838_820945_b885d8aa,default,True,"[False, False]","[False, False]","[['G', 'B', 'B', 'B'], ['R', 'B', 'R', 'B'], ['R', 'B', 'B', 'R'], ['R', 'R', 'R', 'G']]",Needy Player (Blue),NP-Blue (Need=1),True,strict,True,True,1,0,0,0,0,70,0,0,0,0,0,140,False,False,0,0,0,0,0,0,0,0,0,0,0,0,0,0,0,0,0,0,0,0,0,0,0,0,0,0,0,0,0,0,0,0,0,0,8,0.0,0,0,0,0,0,0,0,0,0,0,0,0,0,0,0,0,0,0,0,0,0,0,0,0,0,0,1,3,0,3,1
FOUR_1-FOUR_1,106,42,ctx1_fog00_p4ptrue_contract_tile_with_judge_implementation_selfish11_contractonly_nir,20260531_205610_412070_e364140f,default,True,"[False, False]","[True, True]","[['G', 'B', 'B', 'B'], ['R', 'B', 'R', 'B'], ['R', 'B', 'B', 'R'], ['R', 'R', 'R', 'G']]",Needy Player (Blue),NP-Blue (Need=1),True,tile_with_judge_implementation,True,True,1,0,0,0,0,70,0,0,0,0,0,140,False,False,0,0,0,0,0,0,0,0,0,0,0,0,0,0,0,0,0,0,0,0,0,0,0,0,0,0,0,0,0,0,0,0,0,0,8,0.0,0,0,0,0,0,0,0,0,0,0,0,0,0,0,0,0,0,0,0,0,0,0,0,0,0,0,1,3,0,3,1
FOUR_1-FOUR_1,106,42,ctx1_fog00_p4ptrue_contract_tile_with_judge_implementation_selfish11_opv00_contractonly_nir,20260531_205425_353948_2b8ed123,default,True,"[False, False]","[False, False]","[['G', 'B', 'B', 'B'], ['R', 'B', 'R', 'B'], ['R', 'B', 'B', 'R'], ['R', 'R', 'R', 'G']]",Needy Player (Blue),NP-Blue (Need=1),True,tile_with_judge_implementation,True,True,1,0,0,0,0,70,0,0,0,0,0,140,False,False,0,0,0,0,0,0,0,0,0,0,0,0,0,0,0,0,0,0,0,0,0,0,0,0,0,0,0,0,0,0,0,0,0,1,3,,0,0,0,0,0,0,0,0,0,0,0,0,0,0,0,0,0,0,0,0,0,0,0,0,0,0,1,3,0,3,1
FOUR_1-FOUR_1,107,43,ctx1_fog00_p4ptrue_contract_contract_for_finishing_selfish11_contractonly_nir,20260531_210430_230242_7434b0ae,default,True,"[False, False]","[True, True]","[['G', 'R', 'R', 'R'], ['B', 'B', 'R', 'R'], ['B', 'B', 'R', 'B'], ['B', 'B', 'R', 'G']]",Needy Player (Blue),NP-Blue (Need=1),True,contract_for_finishing,True,True,1,0,0,0,0,70,0,0,0,0,0,140,False,False,0,0,0,0,0,0,0,0,0,0,0,0,0,0,0,0,0,0,0,0,0,0,0,0,0,0,0,0,0,0,0,0,0,1,3,,0,0,0,0,0,0,20,0,0,0,0,0,0,0,0,0,0,0,0,0,0,0,0,0,0,0,1,3,0,3,1
FOUR_1-FOUR_1,107,43,ctx1_fog00_p4ptrue_contract_contract_for_finishing_selfish11_opv00_contractonly_nir,20260531_210340_463470_1b89041e,default,True,"[False, False]","[False, False]","[['G', 'R', 'R', 'R'], ['B', 'B', 'R', 'R'], ['B', 'B', 'R', 'B'], ['B', 'B', 'R', 'G']]",Needy Player (Blue),NP-Blue (Need=1),True,contract_for_finishing,True,True,1,0,0,0,0,70,0,0,0,0,0,140,False,False,0,0,0,0,0,0,0,0,0,0,0,0,0,0,0,0,0,0,0,0,0,0,0,0,0,0,0,0,0,0,0,0,0,1,4,,0,0,0,0,0,0,5,0,0,0,0,0,0,0,0,0,0,0,0,0,0,0,0,0,0,0,1,3,0,3,1
FOUR_1-FOUR_1,107,43,ctx1_fog00_p4ptrue_contract_strict_selfish11_contractonly_nir,20260531_210124_137830_a2107072,default,True,"[False, False]","[True, True]","[['G', 'R', 'R', 'R'], ['B', 'B', 'R', 'R'], ['B', 'B', 'R', 'B'], ['B', 'B', 'R', 'G']]",Needy Player (Blue),NP-Blue (Need=1),True,strict,True,True,1,1,0,0,1,70,0,0,0,0,0,140,False,False,0,0,0,0,0,0,0,0,0,0,0,0,0,0,0,0,0,0,0,0,0,0,0,0,0,0,0,0,0,0,0,0,0,0,8,0.0,0,0,0,0,0,0,0,0,0,0,0,0,0,0,0,0,0,0,0,0,0,0,0,0,0,0,1,3,0,3,1
FOUR_1-FOUR_1,107,43,ctx1_fog00_p4ptrue_contract_strict_selfish11_opv00_contractonly_nir,20260531_205918_725422_dbc5f7c6,default,True,"[False, False]","[False, False]","[['G', 'R', 'R', 'R'], ['B', 'B', 'R', 'R'], ['B', 'B', 'R', 'B'], ['B', 'B', 'R', 'G']]",Needy Player (Blue),NP-Blue (Need=1),True,strict,True,True,1,0,0,0,0,70,0,0,0,0,0,140,False,False,0,0,0,0,0,0,0,0,0,0,0,0,0,0,0,0,0,0,0,0,0,0,0,0,0,0,0,0,0,0,0,0,0,1,3,2.0,1,1,0,0,0,0,0,0,0,0,0,0,0,0,0,0,0,0,0,0,0,0,0,0,0,0,1,3,0,3,1
FOUR_1-FOUR_1,107,43,ctx1_fog00_p4ptrue_contract_tile_with_judge_implementation_selfish11_contractonly_nir,20260531_210532_009250_b18d84bf,default,True,"[False, False]","[True, True]","[['G', 'R', 'R', 'R'], ['B', 'B', 'R', 'R'], ['B', 'B', 'R', 'B'], ['B', 'B', 'R', 'G']]",Needy Player (Blue),NP-Blue (Need=1),True,tile_with_judge_implementation,True,True,1,0,0,0,0,70,0,0,0,0,0,140,False,False,0,0,0,0,0,0,0,0,0,0,0,0,0,0,0,0,0,0,0,0,0,0,0,0,0,0,0,0,0,0,0,0,0,1,3,,0,0,0,0,0,0,0,0,0,0,0,0,0,0,0,0,0,0,0,0,0,0,0,0,0,0,1,3,0,3,1
FOUR_1-FOUR_1,107,43,ctx1_fog00_p4ptrue_contract_tile_with_judge_implementation_selfish11_opv00_contractonly_nir,20260531_210501_997631_bc9e95b2,default,True,"[False, False]","[False, False]","[['G', 'R', 'R', 'R'], ['B', 'B', 'R', 'R'], ['B', 'B', 'R', 'B'], ['B', 'B', 'R', 'G']]",Needy Player (Blue),NP-Blue (Need=1),True,tile_with_judge_implementation,True,True,1,0,0,0,0,70,0,0,0,0,0,140,False,False,0,0,0,0,0,0,0,0,0,0,0,0,0,0,0,0,0,0,0,0,0,0,0,0,0,0,0,0,0,0,0,0,0,1,3,,0,0,0,0,0,0,0,0,0,0,0,0,0,0,0,0,0,0,0,0,0,0,0,0,0,0,1,3,0,3,1
FOUR_1-FOUR_1,108,44,ctx1_fog00_p4ptrue_contract_contract_for_finishing_selfish11_contractonly_nir,20260531_211240_220081_54771302,default,True,"[False, False]","[True, True]","[['G', 'B', 'B', 'B'], ['R', 'R', 'B', 'B'], ['R', 'R', 'R', 'R'], ['R', 'B', 'B', 'G']]",Needy Player (Blue),NP-Blue (Need=1),True,contract_for_finishing,True,True,1,0,0,0,0,70,0,0,0,0,0,140,False,False,0,0,0,0,0,0,0,0,0,0,0,0,0,0,0,0,0,0,0,0,0,0,0,0,0,0,0,0,0,0,0,0,0,1,3,,0,0,0,0,0,0,12,0,0,0,0,0,0,0,0,0,0,0,0,0,0,0,0,0,0,0,1,3,0,3,1
FOUR_1-FOUR_1,108,44,ctx1_fog00_p4ptrue_contract_contract_for_finishing_selfish11_opv00_contractonly_nir,20260531_211040_421007_e112712f,default,True,"[False, False]","[False, False]","[['G', 'B', 'B', 'B'], ['R', 'R', 'B', 'B'], ['R', 'R', 'R', 'R'], ['R', 'B', 'B', 'G']]",Needy Player (Blue),NP-Blue (Need=1),True,contract_for_finishing,True,True,1,0,0,0,0,70,0,0,0,0,0,140,False,False,0,0,0,0,0,0,0,0,0,0,0,0,0,0,0,0,0,0,0,0,0,0,0,0,0,0,0,0,0,0,0,0,0,1,3,,0,0,0,0,0,0,6,0,0,0,0,0,0,0,0,0,0,0,0,0,0,0,0,0,0,0,1,3,0,3,1
FOUR_1-FOUR_1,108,44,ctx1_fog00_p4ptrue_contract_strict_selfish11_contractonly_nir,20260531_210756_218195_0a811fb1,default,True,"[False, False]","[True, True]","[['G', 'B', 'B', 'B'], ['R', 'R', 'B', 'B'], ['R', 'R', 'R', 'R'], ['R', 'B', 'B', 'G']]",Needy Player (Blue),NP-Blue (Need=1),True,strict,True,True,1,0,0,0,0,70,0,0,0,0,0,140,False,False,0,0,0,0,0,0,0,0,0,0,0,0,0,0,0,0,0,0,0,0,0,0,0,0,0,0,0,0,0,0,0,0,0,0,8,0.0,0,0,0,0,0,0,0,0,0,0,0,0,0,0,0,0,0,0,0,0,0,0,0,0,0,0,1,3,0,3,1
FOUR_1-FOUR_1,108,44,ctx1_fog00_p4ptrue_contract_strict_selfish11_opv00_contractonly_nir,20260531_210602_018071_1ae57cd1,default,True,"[False, False]","[False, False]","[['G', 'B', 'B', 'B'], ['R', 'R', 'B', 'B'], ['R', 'R', 'R', 'R'], ['R', 'B', 'B', 'G']]",Needy Player (Blue),NP-Blue (Need=1),True,strict,True,True,1,0,0,0,0,70,0,0,0,0,0,140,False,False,0,0,0,0,0,0,0,0,0,0,0,0,0,0,0,0,0,0,0,0,0,0,0,0,0,0,0,0,0,0,0,0,0,1,3,2.0,1,1,0,0,0,0,0,0,0,0,0,0,0,0,0,0,0,0,0,0,0,0,0,0,0,0,1,3,0,3,1
FOUR_1-FOUR_1,108,44,ctx1_fog00_p4ptrue_contract_tile_with_judge_implementation_selfish11_contractonly_nir,20260531_211509_153862_2f494c76,default,True,"[False, False]","[True, True]","[['G', 'B', 'B', 'B'], ['R', 'R', 'B', 'B'], ['R', 'R', 'R', 'R'], ['R', 'B', 'B', 'G']]",Needy Player (Blue),NP-Blue (Need=1),True,tile_with_judge_implementation,True,True,1,0,0,0,0,70,0,0,0,0,0,140,False,False,0,0,0,0,0,0,0,0,0,0,0,0,0,0,0,0,0,0,0,0,0,0,0,0,0,0,0,0,0,0,0,0,0,1,2,,0,0,0,0,0,0,0,0,0,0,0,0,0,0,0,0,0,0,0,0,0,0,0,0,0,0,1,3,0,3,1
FOUR_1-FOUR_1,108,44,ctx1_fog00_p4ptrue_contract_tile_with_judge_implementation_selfish11_opv00_contractonly_nir,20260531_211311_546614_3f89d1d7,default,True,"[False, False]","[False, False]","[['G', 'B', 'B', 'B'], ['R', 'R', 'B', 'B'], ['R', 'R', 'R', 'R'], ['R', 'B', 'B', 'G']]",Needy Player (Blue),NP-Blue (Need=1),True,tile_with_judge_implementation,True,True,1,0,0,0,0,70,0,0,0,0,0,140,False,False,0,0,0,0,0,0,0,0,0,0,0,0,0,0,0,0,0,0,0,0,0,0,0,0,0,0,0,0,0,0,0,0,0,1,3,,0,0,0,0,0,0,0,0,0,0,0,0,0,0,0,0,0,0,0,0,0,0,0,0,0,0,1,3,0,3,1
FOUR_1-FOUR_1,109,45,ctx1_fog00_p4ptrue_contract_contract_for_finishing_selfish11_contractonly_nir,20260531_212201_404306_97a7da24,default,True,"[False, False]","[True, True]","[['G', 'B', 'B', 'B'], ['R', 'R', 'R', 'R'], ['R', 'B', 'R', 'R'], ['B', 'B', 'B', 'G']]",Needy Player (Blue),NP-Blue (Need=1),True,contract_for_finishing,True,True,1,0,0,0,0,70,0,0,0,0,0,140,False,False,0,0,0,0,0,0,0,0,0,0,0,0,0,0,0,0,0,0,0,0,0,0,0,0,0,0,0,0,0,0,0,0,0,1,2,,0,0,0,0,0,0,20,0,0,0,0,0,0,0,0,0,0,0,0,0,0,0,0,0,0,0,1,3,0,3,1
FOUR_1-FOUR_1,109,45,ctx1_fog00_p4ptrue_contract_contract_for_finishing_selfish11_opv00_contractonly_nir,20260531_211907_286605_fc77ec54,default,True,"[False, False]","[False, False]","[['G', 'B', 'B', 'B'], ['R', 'R', 'R', 'R'], ['R', 'B', 'R', 'R'], ['B', 'B', 'B', 'G']]",Needy Player (Blue),NP-Blue (Need=1),True,contract_for_finishing,True,True,1,0,0,0,0,70,0,0,0,0,0,140,False,False,0,0,0,0,0,0,0,0,0,0,0,0,0,0,0,0,0,0,0,0,0,0,0,0,0,0,0,0,0,0,0,0,0,0,8,0.0,0,0,0,0,0,0,0,0,0,0,0,0,0,0,0,0,0,0,0,0,0,0,0,0,0,0,1,3,0,3,1
FOUR_1-FOUR_1,109,45,ctx1_fog00_p4ptrue_contract_strict_selfish11_contractonly_nir,20260531_211609_164475_f5b3fa31,default,True,"[False, False]","[True, True]","[['G', 'B', 'B', 'B'], ['R', 'R', 'R', 'R'], ['R', 'B', 'R', 'R'], ['B', 'B', 'B', 'G']]",Needy Player (Blue),NP-Blue (Need=1),True,strict,True,True,1,0,0,0,0,70,0,0,0,0,0,140,False,False,0,0,0,0,0,0,0,0,0,0,0,0,0,0,0,0,0,0,0,0,0,0,0,0,0,0,0,0,0,0,0,0,0,0,8,0.0,0,0,0,0,0,0,0,0,0,0,0,0,0,0,0,0,0,0,0,0,0,0,0,0,0,0,1,3,0,3,1
FOUR_1-FOUR_1,109,45,ctx1_fog00_p4ptrue_contract_strict_selfish11_opv00_contractonly_nir,20260531_211539_160813_a0846528,default,True,"[False, False]","[False, False]","[['G', 'B', 'B', 'B'], ['R', 'R', 'R', 'R'], ['R', 'B', 'R', 'R'], ['B', 'B', 'B', 'G']]",Needy Player (Blue),NP-Blue (Need=1),True,strict,True,True,1,0,0,0,0,70,0,0,0,0,0,140,False,False,0,0,0,0,0,0,0,0,0,0,0,0,0,0,0,0,0,0,0,0,0,0,0,0,0,0,0,0,0,0,0,0,0,1,3,4.0,3,1,0,0,0,0,0,0,0,0,0,0,0,0,0,0,0,0,0,0,0,0,0,0,0,0,1,3,0,3,1
FOUR_1-FOUR_1,109,45,ctx1_fog00_p4ptrue_contract_tile_with_judge_implementation_selfish11_contractonly_nir,20260531_212415_713179_ea10a18d,default,True,"[False, False]","[True, True]","[['G', 'B', 'B', 'B'], ['R', 'R', 'R', 'R'], ['R', 'B', 'R', 'R'], ['B', 'B', 'B', 'G']]",Needy Player (Blue),NP-Blue (Need=1),True,tile_with_judge_implementation,True,True,1,0,0,0,0,70,0,0,0,0,0,140,False,False,0,0,0,0,0,0,0,0,0,0,0,0,0,0,0,0,0,0,0,0,0,0,0,0,0,0,0,0,0,0,0,0,0,1,2,,0,0,0,0,0,0,0,0,0,0,0,0,0,0,0,0,0,0,0,0,0,0,0,0,0,0,1,3,0,3,1
FOUR_1-FOUR_1,109,45,ctx1_fog00_p4ptrue_contract_tile_with_judge_implementation_selfish11_opv00_contractonly_nir,20260531_212345_010575_b600749f,default,True,"[False, False]","[False, False]","[['G', 'B', 'B', 'B'], ['R', 'R', 'R', 'R'], ['R', 'B', 'R', 'R'], ['B', 'B', 'B', 'G']]",Needy Player (Blue),NP-Blue (Need=1),True,tile_with_judge_implementation,True,True,1,0,0,0,0,70,0,0,0,0,0,140,False,False,0,0,0,0,0,0,0,0,0,0,0,0,0,0,0,0,0,0,0,0,0,0,0,0,0,0,0,0,0,0,0,0,0,1,3,,0,0,0,0,0,0,0,0,0,0,0,0,0,0,0,0,0,0,0,0,0,0,0,0,0,0,1,3,0,3,1
FOUR_1-FOUR_1,110,46,ctx1_fog00_p4ptrue_contract_contract_for_finishing_selfish11_contractonly_nir,20260531_212753_386785_dd939fb7,default,True,"[False, False]","[True, True]","[['G', 'R', 'B', 'B'], ['R', 'R', 'B', 'R'], ['B', 'R', 'B', 'B'], ['B', 'R', 'R', 'G']]",Needy Player (Blue),NP-Blue (Need=1),True,contract_for_finishing,True,True,1,0,0,0,0,70,0,0,0,0,0,140,False,False,0,0,0,0,0,0,0,0,0,0,0,0,0,0,0,0,0,0,0,0,0,0,0,0,0,0,0,0,0,0,0,0,0,1,3,,0,0,0,0,0,0,13,0,0,0,0,0,0,0,0,0,0,0,0,0,0,0,0,0,0,0,1,3,0,3,1
FOUR_1-FOUR_1,110,46,ctx1_fog00_p4ptrue_contract_contract_for_finishing_selfish11_opv00_contractonly_nir,20260531_223234_027994_dbbb6070,default,True,"[False, False]","[False, False]","[['G', 'R', 'B', 'B'], ['R', 'R', 'B', 'R'], ['B', 'R', 'B', 'B'], ['B', 'R', 'R', 'G']]",Needy Player (Blue),NP-Blue (Need=1),True,contract_for_finishing,True,True,1,0,0,0,0,70,0,0,0,0,0,140,False,False,0,0,0,0,0,0,0,0,0,0,0,0,0,0,0,0,0,0,0,0,0,0,0,0,0,0,0,0,0,0,0,0,0,1,3,,0,0,0,0,0,0,6,0,0,0,0,0,0,0,0,0,0,0,0,0,0,0,0,0,0,0,1,3,0,3,1
FOUR_1-FOUR_1,110,46,ctx1_fog00_p4ptrue_contract_strict_selfish11_contractonly_nir,20260531_212633_941818_9c2b712f,default,True,"[False, False]","[True, True]","[['G', 'R', 'B', 'B'], ['R', 'R', 'B', 'R'], ['B', 'R', 'B', 'B'], ['B', 'R', 'R', 'G']]",Needy Player (Blue),NP-Blue (Need=1),True,strict,True,True,1,0,0,0,0,70,0,0,0,0,0,140,False,False,0,0,0,0,0,0,0,0,0,0,0,0,0,0,0,0,0,0,0,0,0,0,0,0,0,0,0,0,0,0,0,0,0,1,3,5.0,4,1,0,0,0,0,0,0,0,0,0,0,0,0,0,0,0,0,0,0,0,0,0,0,0,0,1,3,0,3,1
FOUR_1-FOUR_1,110,46,ctx1_fog00_p4ptrue_contract_strict_selfish11_opv00_contractonly_nir,20260531_212603_935199_ddf5bc75,default,True,"[False, False]","[False, False]","[['G', 'R', 'B', 'B'], ['R', 'R', 'B', 'R'], ['B', 'R', 'B', 'B'], ['B', 'R', 'R', 'G']]",Needy Player (Blue),NP-Blue (Need=1),True,strict,True,True,1,0,0,0,0,70,0,0,0,0,0,140,False,False,0,0,0,0,0,0,0,0,0,0,0,0,0,0,0,0,0,0,0,0,0,0,0,0,0,0,0,0,0,0,0,0,0,1,3,3.0,2,1,0,0,0,0,0,0,0,0,0,0,0,0,0,0,0,0,0,0,0,0,0,0,0,0,1,3,0,3,1
FOUR_1-FOUR_1,110,46,ctx1_fog00_p4ptrue_contract_tile_with_judge_implementation_selfish11_contractonly_nir,20260531_212900_516368_04956f52,default,True,"[False, False]","[True, True]","[['G', 'R', 'B', 'B'], ['R', 'R', 'B', 'R'], ['B', 'R', 'B', 'B'], ['B', 'R', 'R', 'G']]",Needy Player (Blue),NP-Blue (Need=1),True,tile_with_judge_implementation,True,True,1,0,0,0,0,70,0,0,0,0,0,140,False,False,0,0,0,0,0,0,0,0,0,0,0,0,0,0,0,0,0,0,0,0,0,0,0,0,0,0,0,0,0,0,0,0,0,1,4,,0,0,0,0,0,0,0,0,0,0,0,0,0,0,0,0,0,0,0,0,0,0,0,0,0,0,1,3,0,3,1
FOUR_1-FOUR_1,110,46,ctx1_fog00_p4ptrue_contract_tile_with_judge_implementation_selfish11_opv00_contractonly_nir,20260531_212830_509159_4a1dfdca,default,True,"[False, False]","[False, False]","[['G', 'R', 'B', 'B'], ['R', 'R', 'B', 'R'], ['B', 'R', 'B', 'B'], ['B', 'R', 'R', 'G']]",Needy Player (Blue),NP-Blue (Need=1),True,tile_with_judge_implementation,True,True,1,0,0,0,0,70,0,0,0,0,0,140,False,False,0,0,0,0,0,0,0,0,0,0,0,0,0,0,0,0,0,0,0,0,0,0,0,0,0,0,0,0,0,0,0,0,0,1,3,,0,0,0,0,0,0,0,0,0,0,0,0,0,0,0,0,0,0,0,0,0,0,0,0,0,0,1,3,0,3,1
FOUR_1-FOUR_1,111,47,ctx1_fog00_p4ptrue_contract_contract_for_finishing_selfish11_contractonly_nir,20260531_214736_563780_3cfde742,default,True,"[False, False]","[True, True]","[['G', 'B', 'B', 'R'], ['R', 'R', 'R', 'R'], ['R', 'B', 'B', 'R'], ['B', 'B', 'B', 'G']]",Needy Player (Blue),NP-Blue (Need=1),True,contract_for_finishing,True,True,1,1,0,0,1,70,0,0,0,0,0,140,False,False,0,0,0,0,0,0,0,0,0,0,0,0,0,0,0,0,0,0,0,0,0,0,0,0,0,0,0,0,0,0,0,0,0,1,4,,0,0,0,0,0,0,0,0,0,0,0,0,0,0,0,0,0,0,0,0,0,0,0,0,0,0,1,3,0,3,1
FOUR_1-FOUR_1,111,47,ctx1_fog00_p4ptrue_contract_contract_for_finishing_selfish11_opv00_contractonly_nir,20260531_214703_697621_08b85f68,default,True,"[False, False]","[False, False]","[['G', 'B', 'B', 'R'], ['R', 'R', 'R', 'R'], ['R', 'B', 'B', 'R'], ['B', 'B', 'B', 'G']]",Needy Player (Blue),NP-Blue (Need=1),True,contract_for_finishing,True,True,1,0,0,0,0,70,0,0,0,0,0,140,False,False,0,0,0,0,0,0,0,0,0,0,0,0,0,0,0,0,0,0,0,0,0,0,0,0,0,0,0,0,0,0,0,0,0,1,3,,0,0,0,0,0,0,5,0,0,0,0,0,0,0,0,0,0,0,0,0,0,0,0,0,0,0,1,3,0,3,1
FOUR_1-FOUR_1,111,47,ctx1_fog00_p4ptrue_contract_strict_selfish11_contractonly_nir,20260531_214606_254075_86b6b760,default,True,"[False, False]","[True, True]","[['G', 'B', 'B', 'R'], ['R', 'R', 'R', 'R'], ['R', 'B', 'B', 'R'], ['B', 'B', 'B', 'G']]",Needy Player (Blue),NP-Blue (Need=1),True,strict,True,True,1,0,0,0,0,70,0,0,0,0,0,140,False,False,0,0,0,0,0,0,0,0,0,0,0,0,0,0,0,0,0,0,0,0,0,0,0,0,0,0,0,0,0,0,0,0,0,1,4,4.0,3,1,0,0,0,0,0,0,0,0,0,0,0,0,0,0,0,0,0,0,0,0,0,0,0,0,1,3,0,3,1
FOUR_1-FOUR_1,111,47,ctx1_fog00_p4ptrue_contract_strict_selfish11_opv00_contractonly_nir,20260531_214444_335713_ab4ce143,default,True,"[False, False]","[False, False]","[['G', 'B', 'B', 'R'], ['R', 'R', 'R', 'R'], ['R', 'B', 'B', 'R'], ['B', 'B', 'B', 'G']]",Needy Player (Blue),NP-Blue (Need=1),True,strict,True,True,1,0,0,0,0,70,0,0,0,0,0,140,False,False,0,0,0,0,0,0,0,0,0,0,0,0,0,0,0,0,0,0,0,0,0,0,0,0,0,0,0,0,0,0,0,0,0,1,4,2.0,1,1,0,0,0,0,0,0,0,0,0,0,0,0,0,0,0,0,0,0,0,0,0,0,0,0,1,3,0,3,1
FOUR_1-FOUR_1,111,47,ctx1_fog00_p4ptrue_contract_tile_with_judge_implementation_selfish11_contractonly_nir,20260531_215150_482846_506cf67d,default,True,"[False, False]","[True, True]","[['G', 'B', 'B', 'R'], ['R', 'R', 'R', 'R'], ['R', 'B', 'B', 'R'], ['B', 'B', 'B', 'G']]",Needy Player (Blue),NP-Blue (Need=1),True,tile_with_judge_implementation,True,True,1,0,0,0,0,70,0,0,0,0,0,140,False,False,0,0,0,0,0,0,0,0,0,0,0,0,0,0,0,0,0,0,0,0,0,0,0,0,0,0,0,0,0,0,0,0,0,1,4,,0,0,0,0,0,0,0,0,0,0,0,0,0,0,0,0,0,0,0,0,0,0,0,0,0,0,1,3,0,3,1
FOUR_1-FOUR_1,111,47,ctx1_fog00_p4ptrue_contract_tile_with_judge_implementation_selfish11_opv00_contractonly_nir,20260531_214847_840527_8bf4e493,default,True,"[False, False]","[False, False]","[['G', 'B', 'B', 'R'], ['R', 'R', 'R', 'R'], ['R', 'B', 'B', 'R'], ['B', 'B', 'B', 'G']]",Needy Player (Blue),NP-Blue (Need=1),True,tile_with_judge_implementation,True,True,1,0,0,0,0,70,0,0,0,0,0,140,False,False,0,0,0,0,0,0,0,0,0,0,0,0,0,0,0,0,0,0,0,0,0,0,0,0,0,0,0,0,0,0,0,0,0,0,8,0.0,0,0,0,0,0,0,0,0,0,0,0,0,0,0,0,0,0,0,0,0,0,0,0,0,0,0,1,3,0,3,1
FOUR_1-FOUR_1,112,48,ctx1_fog00_p4ptrue_contract_contract_for_finishing_selfish11_contractonly_nir,20260531_215745_777550_dd63224a,default,True,"[False, False]","[True, True]","[['G', 'R', 'B', 'B'], ['R', 'B', 'R', 'B'], ['R', 'R', 'B', 'B'], ['B', 'R', 'R', 'G']]",Needy Player (Blue),NP-Blue (Need=1),True,contract_for_finishing,True,True,1,0,0,0,0,70,0,0,0,0,0,140,False,False,0,0,0,0,0,0,0,0,0,0,0,0,0,0,0,0,0,0,0,0,0,0,0,0,0,0,0,0,0,0,0,0,0,1,2,,0,0,0,0,0,0,15,0,0,0,0,0,0,0,0,0,0,0,0,0,0,0,0,0,0,0,1,3,0,3,1
FOUR_1-FOUR_1,112,48,ctx1_fog00_p4ptrue_contract_contract_for_finishing_selfish11_opv00_contractonly_nir,20260531_215549_222144_1a5e70d8,default,True,"[False, False]","[False, False]","[['G', 'R', 'B', 'B'], ['R', 'B', 'R', 'B'], ['R', 'R', 'B', 'B'], ['B', 'R', 'R', 'G']]",Needy Player (Blue),NP-Blue (Need=1),True,contract_for_finishing,True,True,1,0,0,0,0,70,0,0,0,0,0,140,False,False,0,0,0,0,0,0,0,0,0,0,0,0,0,0,0,0,0,0,0,0,0,0,0,0,0,0,0,0,0,0,0,0,0,1,3,,0,0,0,0,0,0,6,0,0,0,0,0,0,0,0,0,0,0,0,0,0,0,0,0,0,0,1,3,0,3,1
FOUR_1-FOUR_1,112,48,ctx1_fog00_p4ptrue_contract_strict_selfish11_contractonly_nir,20260531_215514_936214_755258d8,default,True,"[False, False]","[True, True]","[['G', 'R', 'B', 'B'], ['R', 'B', 'R', 'B'], ['R', 'R', 'B', 'B'], ['B', 'R', 'R', 'G']]",Needy Player (Blue),NP-Blue (Need=1),True,strict,True,True,1,0,0,0,0,70,0,0,0,0,0,140,False,False,0,0,0,0,0,0,0,0,0,0,0,0,0,0,0,0,0,0,0,0,0,0,0,0,0,0,0,0,0,0,0,0,0,1,2,2.0,1,1,0,0,0,0,0,0,0,0,0,0,0,0,0,0,0,0,0,0,0,0,0,0,0,0,1,3,0,3,1
FOUR_1-FOUR_1,112,48,ctx1_fog00_p4ptrue_contract_strict_selfish11_opv00_contractonly_nir,20260531_215228_417178_394d49e1,default,True,"[False, False]","[False, False]","[['G', 'R', 'B', 'B'], ['R', 'B', 'R', 'B'], ['R', 'R', 'B', 'B'], ['B', 'R', 'R', 'G']]",Needy Player (Blue),NP-Blue (Need=1),True,strict,True,True,1,0,0,0,0,70,0,0,0,0,0,140,False,False,0,0,0,0,0,0,0,0,0,0,0,0,0,0,0,0,0,0,0,0,0,0,0,0,0,0,0,0,0,0,0,0,0,0,8,0.0,0,0,0,0,0,0,0,0,0,0,0,0,0,0,0,0,0,0,0,0,0,0,0,0,0,0,1,3,0,3,1
FOUR_1-FOUR_1,112,48,ctx1_fog00_p4ptrue_contract_tile_with_judge_implementation_selfish11_contractonly_nir,20260531_220121_106207_323781f9,default,True,"[False, False]","[True, True]","[['G', 'R', 'B', 'B'], ['R', 'B', 'R', 'B'], ['R', 'R', 'B', 'B'], ['B', 'R', 'R', 'G']]",Needy Player (Blue),NP-Blue (Need=1),True,tile_with_judge_implementation,True,True,1,0,0,0,0,70,0,0,0,0,0,140,False,False,0,0,0,0,0,0,0,0,0,0,0,0,0,0,0,0,0,0,0,0,0,0,0,0,0,0,0,0,0,0,0,0,0,1,2,,0,0,0,0,0,0,0,0,0,0,0,0,0,0,0,0,0,0,0,0,0,0,0,0,0,0,1,3,0,3,1
FOUR_1-FOUR_1,112,48,ctx1_fog00_p4ptrue_contract_tile_with_judge_implementation_selfish11_opv00_contractonly_nir,20260531_215815_788309_5c523bb3,default,True,"[False, False]","[False, False]","[['G', 'R', 'B', 'B'], ['R', 'B', 'R', 'B'], ['R', 'R', 'B', 'B'], ['B', 'R', 'R', 'G']]",Needy Player (Blue),NP-Blue (Need=1),True,tile_with_judge_implementation,True,True,1,0,0,0,0,70,0,0,0,0,0,140,False,False,0,0,0,0,0,0,0,0,0,0,0,0,0,0,0,0,0,0,0,0,0,0,0,0,0,0,0,0,0,0,0,0,0,0,8,0.0,0,0,0,0,0,0,0,0,0,0,0,0,0,0,0,0,0,0,0,0,0,0,0,0,0,0,1,3,0,3,1
FOUR_1-FOUR_1,113,49,ctx1_fog00_p4ptrue_contract_contract_for_finishing_selfish11_contractonly_nir,20260531_220840_618781_08b6cbf9,default,True,"[False, False]","[True, True]","[['G', 'B', 'B', 'B'], ['R', 'B', 'B', 'R'], ['R', 'R', 'B', 'R'], ['B', 'R', 'R', 'G']]",Needy Player (Blue),NP-Blue (Need=1),True,contract_for_finishing,True,True,1,0,0,0,0,70,0,0,0,0,0,140,False,False,0,0,0,0,0,0,0,0,0,0,0,0,0,0,0,0,0,0,0,0,0,0,0,0,0,0,0,0,0,0,0,0,0,1,3,,0,0,0,0,0,0,5,0,0,0,0,0,0,0,0,0,0,0,0,0,0,0,0,0,0,0,1,3,0,3,1
FOUR_1-FOUR_1,113,49,ctx1_fog00_p4ptrue_contract_contract_for_finishing_selfish11_opv00_contractonly_nir,20260531_220801_393605_eefd6234,default,True,"[False, False]","[False, False]","[['G', 'B', 'B', 'B'], ['R', 'B', 'B', 'R'], ['R', 'R', 'B', 'R'], ['B', 'R', 'R', 'G']]",Needy Player (Blue),NP-Blue (Need=1),True,contract_for_finishing,True,True,1,0,0,0,0,70,0,0,0,0,0,140,False,False,0,0,0,0,0,0,0,0,0,0,0,0,0,0,0,0,0,0,0,0,0,0,0,0,0,0,0,0,0,0,0,0,0,1,3,,0,0,0,0,0,0,2,0,0,0,0,0,0,0,0,0,0,0,0,0,0,0,0,0,0,0,1,3,0,3,1
FOUR_1-FOUR_1,113,49,ctx1_fog00_p4ptrue_contract_strict_selfish11_contractonly_nir,20260531_220512_372208_3a7fd1ca,default,True,"[False, False]","[True, True]","[['G', 'B', 'B', 'B'], ['R', 'B', 'B', 'R'], ['R', 'R', 'B', 'R'], ['B', 'R', 'R', 'G']]",Needy Player (Blue),NP-Blue (Need=1),True,strict,True,True,1,0,0,0,0,70,0,0,0,0,0,140,False,False,0,0,0,0,0,0,0,0,0,0,0,0,0,0,0,0,0,0,0,0,0,0,0,0,0,0,0,0,0,0,0,0,0,0,8,0.0,0,0,0,0,0,0,0,0,0,0,0,0,0,0,0,0,0,0,0,0,0,0,0,0,0,0,1,3,0,3,1
FOUR_1-FOUR_1,113,49,ctx1_fog00_p4ptrue_contract_strict_selfish11_opv00_contractonly_nir,20260531_220311_405326_e68a1c67,default,True,"[False, False]","[False, False]","[['G', 'B', 'B', 'B'], ['R', 'B', 'B', 'R'], ['R', 'R', 'B', 'R'], ['B', 'R', 'R', 'G']]",Needy Player (Blue),NP-Blue (Need=1),True,strict,True,True,1,0,0,0,0,70,0,0,0,0,0,140,False,False,0,0,0,0,0,0,0,0,0,0,0,0,0,0,0,0,0,0,0,0,0,0,0,0,0,0,0,0,0,0,0,0,0,1,3,3.0,2,1,0,0,0,0,0,0,0,0,0,0,0,0,0,0,0,0,0,0,0,0,0,0,0,0,1,3,0,3,1
FOUR_1-FOUR_1,113,49,ctx1_fog00_p4ptrue_contract_tile_with_judge_implementation_selfish11_contractonly_nir,20260531_220948_712178_a41c68a7,default,True,"[False, False]","[True, True]","[['G', 'B', 'B', 'B'], ['R', 'B', 'B', 'R'], ['R', 'R', 'B', 'R'], ['B', 'R', 'R', 'G']]",Needy Player (Blue),NP-Blue (Need=1),True,tile_with_judge_implementation,True,True,1,0,0,0,0,70,0,0,0,0,0,140,False,False,0,0,0,0,0,0,0,0,0,0,0,0,0,0,0,0,0,0,0,0,0,0,0,0,0,0,0,0,0,0,0,0,0,1,2,,0,0,0,0,0,0,0,0,0,0,0,0,0,0,0,0,0,0,0,0,0,0,0,0,0,0,1,3,0,3,1
FOUR_1-FOUR_1,113,49,ctx1_fog00_p4ptrue_contract_tile_with_judge_implementation_selfish11_opv00_contractonly_nir,20260531_220918_701694_20e83d00,default,True,"[False, False]","[False, False]","[['G', 'B', 'B', 'B'], ['R', 'B', 'B', 'R'], ['R', 'R', 'B', 'R'], ['B', 'R', 'R', 'G']]",Needy Player (Blue),NP-Blue (Need=1),True,tile_with_judge_implementation,True,True,1,0,0,0,0,70,0,0,0,0,0,140,False,False,0,0,0,0,0,0,0,0,0,0,0,0,0,0,0,0,0,0,0,0,0,0,0,0,0,0,0,0,0,0,0,0,0,1,2,,0,0,0,0,0,0,0,0,0,0,0,0,0,0,0,0,0,0,0,0,0,0,0,0,0,0,1,3,0,3,1
FOUR_1-FOUR_1,114,50,ctx1_fog00_p4ptrue_contract_contract_for_finishing_selfish11_contractonly_nir,20260531_221612_612558_6111ca6d,default,True,"[False, False]","[True, True]","[['G', 'B', 'R', 'B'], ['R', 'R', 'B', 'R'], ['B', 'R', 'B', 'B'], ['B', 'R', 'R', 'G']]",Needy Player (Blue),NP-Blue (Need=1),True,contract_for_finishing,True,True,1,0,0,0,0,70,0,0,0,0,0,140,False,False,0,0,0,0,0,0,0,0,0,0,0,0,0,0,0,0,0,0,0,0,0,0,0,0,0,0,0,0,0,0,0,0,0,1,3,,0,0,0,0,0,0,20,0,0,0,0,0,0,0,0,0,0,0,0,0,0,0,0,0,0,0,1,3,0,3,1
FOUR_1-FOUR_1,114,50,ctx1_fog00_p4ptrue_contract_contract_for_finishing_selfish11_opv00_contractonly_nir,20260531_221527_560407_f55e3317,default,True,"[False, False]","[False, False]","[['G', 'B', 'R', 'B'], ['R', 'R', 'B', 'R'], ['B', 'R', 'B', 'B'], ['B', 'R', 'R', 'G']]",Needy Player (Blue),NP-Blue (Need=1),True,contract_for_finishing,True,True,1,0,0,0,0,70,0,0,0,0,0,140,False,False,0,0,0,0,0,0,0,0,0,0,0,0,0,0,0,0,0,0,0,0,0,0,0,0,0,0,0,0,0,0,0,0,0,1,3,,0,0,0,0,0,0,5,0,0,0,0,0,0,0,0,0,0,0,0,0,0,0,0,0,0,0,1,3,0,3,1
FOUR_1-FOUR_1,114,50,ctx1_fog00_p4ptrue_contract_strict_selfish11_contractonly_nir,20260531_221240_142194_11a86b74,default,True,"[False, False]","[True, True]","[['G', 'B', 'R', 'B'], ['R', 'R', 'B', 'R'], ['B', 'R', 'B', 'B'], ['B', 'R', 'R', 'G']]",Needy Player (Blue),NP-Blue (Need=1),True,strict,True,True,1,0,0,0,0,70,0,0,0,0,0,140,False,False,0,0,0,0,0,0,0,0,0,0,0,0,0,0,0,0,0,0,0,0,0,0,0,0,0,0,0,0,0,0,0,0,0,0,8,0.0,0,0,0,0,0,0,0,0,0,0,0,0,0,0,0,0,0,0,0,0,0,0,0,0,0,0,1,3,0,3,1
FOUR_1-FOUR_1,114,50,ctx1_fog00_p4ptrue_contract_strict_selfish11_opv00_contractonly_nir,20260531_221018_723347_a49393c0,default,True,"[False, False]","[False, False]","[['G', 'B', 'R', 'B'], ['R', 'R', 'B', 'R'], ['B', 'R', 'B', 'B'], ['B', 'R', 'R', 'G']]",Needy Player (Blue),NP-Blue (Need=1),True,strict,True,True,1,0,0,0,0,70,0,0,0,0,0,140,False,False,0,0,0,0,0,0,0,0,0,0,0,0,0,0,0,0,0,0,0,0,0,0,0,0,0,0,0,0,0,0,0,0,0,0,8,0.0,0,0,0,0,0,0,0,0,0,0,0,0,0,0,0,0,0,0,0,0,0,0,0,0,0,0,1,3,0,3,1
FOUR_1-FOUR_1,114,50,ctx1_fog00_p4ptrue_contract_tile_with_judge_implementation_selfish11_contractonly_nir,20260531_221734_823514_2c380f98,default,True,"[False, False]","[True, True]","[['G', 'B', 'R', 'B'], ['R', 'R', 'B', 'R'], ['B', 'R', 'B', 'B'], ['B', 'R', 'R', 'G']]",Needy Player (Blue),NP-Blue (Need=1),True,tile_with_judge_implementation,True,True,1,0,0,0,0,70,0,0,0,0,0,140,False,False,0,0,0,0,0,0,0,0,0,0,0,0,0,0,0,0,0,0,0,0,0,0,0,0,0,0,0,0,0,0,0,0,0,0,8,0.0,0,0,0,0,0,0,0,0,0,0,0,0,0,0,0,0,0,0,0,0,0,0,0,0,0,0,1,3,0,3,1
FOUR_1-FOUR_1,114,50,ctx1_fog00_p4ptrue_contract_tile_with_judge_implementation_selfish11_opv00_contractonly_nir,20260531_221654_135108_ec485116,default,True,"[False, False]","[False, False]","[['G', 'B', 'R', 'B'], ['R', 'R', 'B', 'R'], ['B', 'R', 'B', 'B'], ['B', 'R', 'R', 'G']]",Needy Player (Blue),NP-Blue (Need=1),True,tile_with_judge_implementation,True,True,1,0,0,0,0,70,0,0,0,0,0,140,False,False,0,0,0,0,0,0,0,0,0,0,0,0,0,0,0,0,0,0,0,0,0,0,0,0,0,0,0,0,0,0,0,0,0,1,4,,0,0,0,0,0,0,0,0,0,0,0,0,0,0,0,0,0,0,0,0,0,0,0,0,0,0,1,3,0,3,1
FOUR_1-FOUR_1,115,51,ctx1_fog00_p4ptrue_contract_contract_for_finishing_selfish11_contractonly_nir,20260531_222204_966566_6cd1b745,default,True,"[False, False]","[True, True]","[['G', 'R', 'R', 'R'], ['R', 'B', 'B', 'R'], ['R', 'B', 'B', 'R'], ['B', 'B', 'B', 'G']]",Needy Player (Blue),NP-Blue (Need=1),True,contract_for_finishing,True,True,1,0,0,0,0,70,0,0,0,0,0,140,False,False,0,0,0,0,0,0,0,0,0,0,0,0,0,0,0,0,0,0,0,0,0,0,0,0,0,0,0,0,0,0,0,0,0,1,2,,0,0,0,0,0,0,20,0,0,0,0,0,0,0,0,0,0,0,0,0,0,0,0,0,0,0,1,3,0,3,1
FOUR_1-FOUR_1,115,51,ctx1_fog00_p4ptrue_contract_contract_for_finishing_selfish11_opv00_contractonly_nir,20260531_222129_325460_9f2e2d2b,default,True,"[False, False]","[False, False]","[['G', 'R', 'R', 'R'], ['R', 'B', 'B', 'R'], ['R', 'B', 'B', 'R'], ['B', 'B', 'B', 'G']]",Needy Player (Blue),NP-Blue (Need=1),True,contract_for_finishing,True,True,1,0,0,0,0,70,0,0,0,0,0,140,False,False,0,0,0,0,0,0,0,0,0,0,0,0,0,0,0,0,0,0,0,0,0,0,0,0,0,0,0,0,0,0,0,0,0,1,3,,0,0,0,0,0,0,6,0,0,0,0,0,0,0,0,0,0,0,0,0,0,0,0,0,0,0,1,3,0,3,1
FOUR_1-FOUR_1,115,51,ctx1_fog00_p4ptrue_contract_strict_selfish11_contractonly_nir,20260531_222051_267376_0fd5721c,default,True,"[False, False]","[True, True]","[['G', 'R', 'R', 'R'], ['R', 'B', 'B', 'R'], ['R', 'B', 'B', 'R'], ['B', 'B', 'B', 'G']]",Needy Player (Blue),NP-Blue (Need=1),True,strict,True,True,1,0,0,0,0,70,0,0,0,0,0,140,False,False,0,0,0,0,0,0,0,0,0,0,0,0,0,0,0,0,0,0,0,0,0,0,0,0,0,0,0,0,0,0,0,0,0,1,3,2.0,1,1,0,0,0,0,0,0,0,0,0,0,0,0,0,0,0,0,0,0,0,0,0,0,0,0,1,3,0,3,1
FOUR_1-FOUR_1,115,51,ctx1_fog00_p4ptrue_contract_strict_selfish11_opv00_contractonly_nir,20260531_222014_686674_abda693b,default,True,"[False, False]","[False, False]","[['G', 'R', 'R', 'R'], ['R', 'B', 'B', 'R'], ['R', 'B', 'B', 'R'], ['B', 'B', 'B', 'G']]",Needy Player (Blue),NP-Blue (Need=1),True,strict,True,True,1,0,0,0,0,70,0,0,0,0,0,140,False,False,0,0,0,0,0,0,0,0,0,0,0,0,0,0,0,0,0,0,0,0,0,0,0,0,0,0,0,0,0,0,0,0,0,1,2,2.0,1,1,0,0,0,0,0,0,0,0,0,0,0,0,0,0,0,0,0,0,0,0,0,0,0,0,1,3,0,3,1
FOUR_1-FOUR_1,115,51,ctx1_fog00_p4ptrue_contract_tile_with_judge_implementation_selfish11_contractonly_nir,20260531_223304_033050_f80dd98c,default,True,"[False, False]","[True, True]","[['G', 'R', 'R', 'R'], ['R', 'B', 'B', 'R'], ['R', 'B', 'B', 'R'], ['B', 'B', 'B', 'G']]",Needy Player (Blue),NP-Blue (Need=1),True,tile_with_judge_implementation,True,True,1,0,0,0,0,70,0,0,0,0,0,140,False,False,0,0,0,0,0,0,0,0,0,0,0,0,0,0,0,0,0,0,0,0,0,0,0,0,0,0,0,0,0,0,0,0,0,0,8,0.0,0,0,0,0,0,0,0,0,0,0,0,0,0,0,0,0,0,0,0,0,0,0,0,0,0,0,1,3,0,3,1
FOUR_1-FOUR_1,115,51,ctx1_fog00_p4ptrue_contract_tile_with_judge_implementation_selfish11_opv00_contractonly_nir,20260531_222234_977015_9a24fffb,default,True,"[False, False]","[False, False]","[['G', 'R', 'R', 'R'], ['R', 'B', 'B', 'R'], ['R', 'B', 'B', 'R'], ['B', 'B', 'B', 'G']]",Needy Player (Blue),NP-Blue (Need=1),True,tile_with_judge_implementation,True,True,1,0,0,0,0,70,0,0,0,0,0,140,False,False,0,0,0,0,0,0,0,0,0,0,0,0,0,0,0,0,0,0,0,0,0,0,0,0,0,0,0,0,0,0,0,0,0,1,4,,0,0,0,0,0,0,0,0,0,0,0,0,0,0,0,0,0,0,0,0,0,0,0,0,0,0,1,3,0,3,1
FOUR_1-FOUR_1,116,52,ctx1_fog00_p4ptrue_contract_contract_for_finishing_selfish11_contractonly_nir,20260531_223845_745277_b6772ac4,default,True,"[False, False]","[True, True]","[['G', 'R', 'B', 'B'], ['B', 'R', 'B', 'B'], ['B', 'R', 'R', 'B'], ['R', 'R', 'R', 'G']]",Needy Player (Blue),NP-Blue (Need=1),True,contract_for_finishing,True,True,1,0,0,0,0,70,0,0,0,0,0,140,False,False,0,0,0,0,0,0,0,0,0,0,0,0,0,0,0,0,0,0,0,0,0,0,0,0,0,0,0,0,0,0,0,0,0,1,3,,0,0,0,0,0,0,6,0,0,0,0,0,0,0,0,0,0,0,0,0,0,0,0,0,0,0,1,3,0,3,1
FOUR_1-FOUR_1,116,52,ctx1_fog00_p4ptrue_contract_contract_for_finishing_selfish11_opv00_contractonly_nir,20260531_223815_734880_c4ffdd4c,default,True,"[False, False]","[False, False]","[['G', 'R', 'B', 'B'], ['B', 'R', 'B', 'B'], ['B', 'R', 'R', 'B'], ['R', 'R', 'R', 'G']]",Needy Player (Blue),NP-Blue (Need=1),True,contract_for_finishing,True,True,1,0,0,0,0,70,0,0,0,0,0,140,False,False,0,0,0,0,0,0,0,0,0,0,0,0,0,0,0,0,0,0,0,0,0,0,0,0,0,0,0,0,0,0,0,0,0,1,3,,0,0,0,0,0,0,7,0,0,0,0,0,0,0,0,0,0,0,0,0,0,0,0,0,0,0,1,3,0,3,1
FOUR_1-FOUR_1,116,52,ctx1_fog00_p4ptrue_contract_strict_selfish11_contractonly_nir,20260531_223745_431509_ad56e161,default,True,"[False, False]","[True, True]","[['G', 'R', 'B', 'B'], ['B', 'R', 'B', 'B'], ['B', 'R', 'R', 'B'], ['R', 'R', 'R', 'G']]",Needy Player (Blue),NP-Blue (Need=1),True,strict,True,True,1,0,0,0,0,70,0,0,0,0,0,140,False,False,0,0,0,0,0,0,0,0,0,0,0,0,0,0,0,0,0,0,0,0,0,0,0,0,0,0,0,0,0,0,0,0,0,1,2,2.0,1,1,0,0,0,0,0,0,0,0,0,0,0,0,0,0,0,0,0,0,0,0,0,0,0,0,1,3,0,3,1
FOUR_1-FOUR_1,116,52,ctx1_fog00_p4ptrue_contract_strict_selfish11_opv00_contractonly_nir,20260531_223547_658290_c488d8b3,default,True,"[False, False]","[False, False]","[['G', 'R', 'B', 'B'], ['B', 'R', 'B', 'B'], ['B', 'R', 'R', 'B'], ['R', 'R', 'R', 'G']]",Needy Player (Blue),NP-Blue (Need=1),True,strict,True,True,1,0,0,0,0,70,0,0,0,0,0,140,False,False,0,0,0,0,0,0,0,0,0,0,0,0,0,0,0,0,0,0,0,0,0,0,0,0,0,0,0,0,0,0,0,0,0,1,3,2.0,1,1,0,0,0,0,0,0,0,0,0,0,0,0,0,0,0,0,0,0,0,0,0,0,0,0,1,3,0,3,1
FOUR_1-FOUR_1,116,52,ctx1_fog00_p4ptrue_contract_tile_with_judge_implementation_selfish11_contractonly_nir,20260531_223955_878268_5b88d2bc,default,True,"[False, False]","[True, True]","[['G', 'R', 'B', 'B'], ['B', 'R', 'B', 'B'], ['B', 'R', 'R', 'B'], ['R', 'R', 'R', 'G']]",Needy Player (Blue),NP-Blue (Need=1),True,tile_with_judge_implementation,True,True,1,0,0,0,0,70,0,0,0,0,0,140,False,False,0,0,0,0,0,0,0,0,0,0,0,0,0,0,0,0,0,0,0,0,0,0,0,0,0,0,0,0,0,0,0,0,0,0,8,0.0,0,0,0,0,0,0,0,0,0,0,0,0,0,0,0,0,0,0,0,0,0,0,0,0,0,0,1,3,0,3,1
FOUR_1-FOUR_1,116,52,ctx1_fog00_p4ptrue_contract_tile_with_judge_implementation_selfish11_opv00_contractonly_nir,20260531_223922_294299_2c85c57d,default,True,"[False, False]","[False, False]","[['G', 'R', 'B', 'B'], ['B', 'R', 'B', 'B'], ['B', 'R', 'R', 'B'], ['R', 'R', 'R', 'G']]",Needy Player (Blue),NP-Blue (Need=1),True,tile_with_judge_implementation,True,True,1,0,0,0,0,70,0,0,0,0,0,140,False,False,0,0,0,0,0,0,0,0,0,0,0,0,0,0,0,0,0,0,0,0,0,0,0,0,0,0,0,0,0,0,0,0,0,1,3,,0,0,0,0,0,0,0,0,0,0,0,0,0,0,0,0,0,0,0,0,0,0,0,0,0,0,1,3,0,3,1
FOUR_1-FOUR_1,117,53,ctx1_fog00_p4ptrue_contract_contract_for_finishing_selfish11_contractonly_nir,20260531_224438_410639_659f2bec,default,True,"[False, False]","[True, True]","[['G', 'R', 'B', 'R'], ['B', 'R', 'R', 'R'], ['B', 'B', 'R', 'B'], ['B', 'B', 'R', 'G']]",Needy Player (Blue),NP-Blue (Need=1),True,contract_for_finishing,True,True,1,0,0,0,0,70,0,0,0,0,0,140,False,False,0,0,0,0,0,0,0,0,0,0,0,0,0,0,0,0,0,0,0,0,0,0,0,0,0,0,0,0,0,0,0,0,0,1,3,,0,0,0,0,0,0,18,0,0,0,0,0,0,0,0,0,0,0,0,0,0,0,0,0,0,0,1,3,0,3,1
FOUR_1-FOUR_1,117,53,ctx1_fog00_p4ptrue_contract_contract_for_finishing_selfish11_opv00_contractonly_nir,20260531_224408_400053_f4ff9aea,default,True,"[False, False]","[False, False]","[['G', 'R', 'B', 'R'], ['B', 'R', 'R', 'R'], ['B', 'B', 'R', 'B'], ['B', 'B', 'R', 'G']]",Needy Player (Blue),NP-Blue (Need=1),True,contract_for_finishing,True,True,1,0,0,0,0,70,0,0,0,0,0,140,False,False,0,0,0,0,0,0,0,0,0,0,0,0,0,0,0,0,0,0,0,0,0,0,0,0,0,0,0,0,0,0,0,0,0,1,2,,0,0,0,0,0,0,3,0,0,0,0,0,0,0,0,0,0,0,0,0,0,0,0,0,0,0,1,3,0,3,1
FOUR_1-FOUR_1,117,53,ctx1_fog00_p4ptrue_contract_strict_selfish11_contractonly_nir,20260531_224332_802526_7ab7b86b,default,True,"[False, False]","[True, True]","[['G', 'R', 'B', 'R'], ['B', 'R', 'R', 'R'], ['B', 'B', 'R', 'B'], ['B', 'B', 'R', 'G']]",Needy Player (Blue),NP-Blue (Need=1),True,strict,True,True,1,0,0,0,0,70,0,0,0,0,0,140,False,False,0,0,0,0,0,0,0,0,0,0,0,0,0,0,0,0,0,0,0,0,0,0,0,0,0,0,0,0,0,0,0,0,0,1,2,6.0,4,2,0,0,0,0,0,0,0,0,0,0,0,0,0,0,0,0,0,0,0,0,0,0,0,0,1,3,0,3,1
FOUR_1-FOUR_1,117,53,ctx1_fog00_p4ptrue_contract_strict_selfish11_opv00_contractonly_nir,20260531_224252_619392_ac571867,default,True,"[False, False]","[False, False]","[['G', 'R', 'B', 'R'], ['B', 'R', 'R', 'R'], ['B', 'B', 'R', 'B'], ['B', 'B', 'R', 'G']]",Needy Player (Blue),NP-Blue (Need=1),True,strict,True,True,1,0,0,0,0,70,0,0,0,0,0,140,False,False,0,0,0,0,0,0,0,0,0,0,0,0,0,0,0,0,0,0,0,0,0,0,0,0,0,0,0,0,0,0,0,0,0,1,3,2.0,1,1,0,0,0,0,0,0,0,0,0,0,0,0,0,0,0,0,0,0,0,0,0,0,0,0,1,3,0,3,1
FOUR_1-FOUR_1,117,53,ctx1_fog00_p4ptrue_contract_tile_with_judge_implementation_selfish11_contractonly_nir,20260531_224653_088705_bd47de40,default,True,"[False, False]","[True, True]","[['G', 'R', 'B', 'R'], ['B', 'R', 'R', 'R'], ['B', 'B', 'R', 'B'], ['B', 'B', 'R', 'G']]",Needy Player (Blue),NP-Blue (Need=1),True,tile_with_judge_implementation,True,True,1,0,0,0,0,70,0,0,0,0,0,140,False,False,0,0,0,0,0,0,0,0,0,0,0,0,0,0,0,0,0,0,0,0,0,0,0,0,0,0,0,0,0,0,0,0,0,1,2,,0,0,0,0,0,0,0,0,0,0,0,0,0,0,0,0,0,0,0,0,0,0,0,0,0,0,1,3,0,3,1
FOUR_1-FOUR_1,117,53,ctx1_fog00_p4ptrue_contract_tile_with_judge_implementation_selfish11_opv00_contractonly_nir,20260531_224514_562269_fa23cda8,default,True,"[False, False]","[False, False]","[['G', 'R', 'B', 'R'], ['B', 'R', 'R', 'R'], ['B', 'B', 'R', 'B'], ['B', 'B', 'R', 'G']]",Needy Player (Blue),NP-Blue (Need=1),True,tile_with_judge_implementation,True,True,1,0,0,0,0,70,0,0,0,0,0,140,False,False,0,0,0,0,0,0,0,0,0,0,0,0,0,0,0,0,0,0,0,0,0,0,0,0,0,0,0,0,0,0,0,0,0,1,3,,0,0,0,0,0,0,0,0,0,0,0,0,0,0,0,0,0,0,0,0,0,0,0,0,0,0,1,3,0,3,1
FOUR_1-FOUR_1,118,54,ctx1_fog00_p4ptrue_contract_contract_for_finishing_selfish11_contractonly_nir,20260531_225143_041729_054c89a6,default,True,"[False, False]","[True, True]","[['G', 'R', 'R', 'B'], ['B', 'R', 'B', 'B'], ['B', 'R', 'B', 'B'], ['R', 'R', 'R', 'G']]",Needy Player (Blue),NP-Blue (Need=1),True,contract_for_finishing,True,True,1,0,0,0,0,70,0,0,0,0,0,140,False,False,0,0,0,0,0,0,0,0,0,0,0,0,0,0,0,0,0,0,0,0,0,0,0,0,0,0,0,0,0,0,0,0,0,1,2,,0,0,0,0,0,0,18,0,0,0,0,0,0,0,0,0,0,0,0,0,0,0,0,0,0,0,1,3,0,3,1
FOUR_1-FOUR_1,118,54,ctx1_fog00_p4ptrue_contract_contract_for_finishing_selfish11_opv00_contractonly_nir,20260531_225113_034754_6c7b66f9,default,True,"[False, False]","[False, False]","[['G', 'R', 'R', 'B'], ['B', 'R', 'B', 'B'], ['B', 'R', 'B', 'B'], ['R', 'R', 'R', 'G']]",Needy Player (Blue),NP-Blue (Need=1),True,contract_for_finishing,True,True,1,0,0,0,0,70,0,0,0,0,0,140,False,False,0,0,0,0,0,0,0,0,0,0,0,0,0,0,0,0,0,0,0,0,0,0,0,0,0,0,0,0,0,0,0,0,0,1,2,,0,0,0,0,0,0,3,0,0,0,0,0,0,0,0,0,0,0,0,0,0,0,0,0,0,0,1,3,0,3,1
FOUR_1-FOUR_1,118,54,ctx1_fog00_p4ptrue_contract_strict_selfish11_contractonly_nir,20260531_224808_336282_ce77fb0e,default,True,"[False, False]","[True, True]","[['G', 'R', 'R', 'B'], ['B', 'R', 'B', 'B'], ['B', 'R', 'B', 'B'], ['R', 'R', 'R', 'G']]",Needy Player (Blue),NP-Blue (Need=1),True,strict,True,True,1,0,0,0,0,70,0,0,0,0,0,140,False,False,0,0,0,0,0,0,0,0,0,0,0,0,0,0,0,0,0,0,0,0,0,0,0,0,0,0,0,0,0,0,0,0,0,0,8,0.0,0,0,0,0,0,0,0,0,0,0,0,0,0,0,0,0,0,0,0,0,0,0,0,0,0,0,1,3,0,3,1
FOUR_1-FOUR_1,118,54,ctx1_fog00_p4ptrue_contract_strict_selfish11_opv00_contractonly_nir,20260531_224723_101034_44460e0b,default,True,"[False, False]","[False, False]","[['G', 'R', 'R', 'B'], ['B', 'R', 'B', 'B'], ['B', 'R', 'B', 'B'], ['R', 'R', 'R', 'G']]",Needy Player (Blue),NP-Blue (Need=1),True,strict,True,True,1,0,0,0,0,70,0,0,0,0,0,140,False,False,0,0,0,0,0,0,0,0,0,0,0,0,0,0,0,0,0,0,0,0,0,0,0,0,0,0,0,0,0,0,0,0,0,1,5,2.0,1,1,0,0,0,0,0,0,0,0,0,0,0,0,0,0,0,0,0,0,0,0,0,0,0,0,1,3,0,3,1
FOUR_1-FOUR_1,118,54,ctx1_fog00_p4ptrue_contract_tile_with_judge_implementation_selfish11_contractonly_nir,20260531_225350_854759_dc9a3835,default,True,"[False, False]","[True, True]","[['G', 'R', 'R', 'B'], ['B', 'R', 'B', 'B'], ['B', 'R', 'B', 'B'], ['R', 'R', 'R', 'G']]",Needy Player (Blue),NP-Blue (Need=1),True,tile_with_judge_implementation,True,True,1,0,0,0,0,70,0,0,0,0,0,140,False,False,0,0,0,0,0,0,0,0,0,0,0,0,0,0,0,0,0,0,0,0,0,0,0,0,0,0,0,0,0,0,0,0,0,1,2,,0,0,0,0,0,0,0,0,0,0,0,0,0,0,0,0,0,0,0,0,0,0,0,0,0,0,1,3,0,3,1
FOUR_1-FOUR_1,118,54,ctx1_fog00_p4ptrue_contract_tile_with_judge_implementation_selfish11_opv00_contractonly_nir,20260531_225213_052132_0941afb6,default,True,"[False, False]","[False, False]","[['G', 'R', 'R', 'B'], ['B', 'R', 'B', 'B'], ['B', 'R', 'B', 'B'], ['R', 'R', 'R', 'G']]",Needy Player (Blue),NP-Blue (Need=1),True,tile_with_judge_implementation,True,True,1,0,0,0,0,70,0,0,0,0,0,140,False,False,0,0,0,0,0,0,0,0,0,0,0,0,0,0,0,0,0,0,0,0,0,0,0,0,0,0,0,0,0,0,0,0,0,1,3,,0,0,0,0,0,0,0,0,0,0,0,0,0,0,0,0,0,0,0,0,0,0,0,0,0,0,1,3,0,3,1
FOUR_1-FOUR_1,119,55,ctx1_fog00_p4ptrue_contract_contract_for_finishing_selfish11_contractonly_nir,20260531_230130_775002_f77588ce,default,True,"[False, False]","[True, True]","[['G', 'B', 'R', 'R'], ['R', 'R', 'R', 'B'], ['B', 'B', 'R', 'R'], ['B', 'B', 'B', 'G']]",Needy Player (Blue),NP-Blue (Need=1),True,contract_for_finishing,True,True,1,0,0,0,0,70,0,0,0,0,0,140,False,False,0,0,0,0,0,0,0,0,0,0,0,0,0,0,0,0,0,0,0,0,0,0,0,0,0,0,0,0,0,0,0,0,0,1,3,,0,0,0,0,0,0,20,0,0,0,0,0,0,0,0,0,0,0,0,0,0,0,0,0,0,0,1,3,0,3,1
FOUR_1-FOUR_1,119,55,ctx1_fog00_p4ptrue_contract_contract_for_finishing_selfish11_opv00_contractonly_nir,20260531_225947_342714_ee1c2865,default,True,"[False, False]","[False, False]","[['G', 'B', 'R', 'R'], ['R', 'R', 'R', 'B'], ['B', 'B', 'R', 'R'], ['B', 'B', 'B', 'G']]",Needy Player (Blue),NP-Blue (Need=1),True,contract_for_finishing,True,True,1,0,0,0,0,70,0,0,0,0,0,140,False,False,0,0,0,0,0,0,0,0,0,0,0,0,0,0,0,0,0,0,0,0,0,0,0,0,0,0,0,0,0,0,0,0,0,1,2,,0,0,0,0,0,0,10,0,0,0,0,0,0,0,0,0,0,0,0,0,0,0,0,0,0,0,1,3,0,3,1
FOUR_1-FOUR_1,119,55,ctx1_fog00_p4ptrue_contract_strict_selfish11_contractonly_nir,20260531_225651_495329_b0f7ee5e,default,True,"[False, False]","[True, True]","[['G', 'B', 'R', 'R'], ['R', 'R', 'R', 'B'], ['B', 'B', 'R', 'R'], ['B', 'B', 'B', 'G']]",Needy Player (Blue),NP-Blue (Need=1),True,strict,True,True,1,0,0,0,0,70,0,0,0,0,0,140,False,False,0,0,0,0,0,0,0,0,0,0,0,0,0,0,0,0,0,0,0,0,0,0,0,0,0,0,0,0,0,0,0,0,0,0,8,0.0,0,0,0,0,0,0,0,0,0,0,0,0,0,0,0,0,0,0,0,0,0,0,0,0,0,0,1,3,0,3,1
FOUR_1-FOUR_1,119,55,ctx1_fog00_p4ptrue_contract_strict_selfish11_opv00_contractonly_nir,20260531_225420_867493_d4596304,default,True,"[False, False]","[False, False]","[['G', 'B', 'R', 'R'], ['R', 'R', 'R', 'B'], ['B', 'B', 'R', 'R'], ['B', 'B', 'B', 'G']]",Needy Player (Blue),NP-Blue (Need=1),True,strict,True,True,1,0,0,0,0,70,0,0,0,0,0,140,False,False,0,0,0,0,0,0,0,0,0,0,0,0,0,0,0,0,0,0,0,0,0,0,0,0,0,0,0,0,0,0,0,0,0,0,8,0.0,0,0,0,0,0,0,0,0,0,0,0,0,0,0,0,0,0,0,0,0,0,0,0,0,0,0,1,3,0,3,1
FOUR_1-FOUR_1,119,55,ctx1_fog00_p4ptrue_contract_tile_with_judge_implementation_selfish11_contractonly_nir,20260531_230413_799419_489acb17,default,True,"[False, False]","[True, True]","[['G', 'B', 'R', 'R'], ['R', 'R', 'R', 'B'], ['B', 'B', 'R', 'R'], ['B', 'B', 'B', 'G']]",Needy Player (Blue),NP-Blue (Need=1),True,tile_with_judge_implementation,True,True,1,0,0,0,0,70,0,0,0,0,0,140,False,False,0,0,0,0,0,0,0,0,0,0,0,0,0,0,0,0,0,0,0,0,0,0,0,0,0,0,0,0,0,0,0,0,0,1,3,,0,0,0,0,0,0,0,0,0,0,0,0,0,0,0,0,0,0,0,0,0,0,0,0,0,0,1,3,0,3,1
FOUR_1-FOUR_1,119,55,ctx1_fog00_p4ptrue_contract_tile_with_judge_implementation_selfish11_opv00_contractonly_nir,20260531_230200_775107_2517ddaa,default,True,"[False, False]","[False, False]","[['G', 'B', 'R', 'R'], ['R', 'R', 'R', 'B'], ['B', 'B', 'R', 'R'], ['B', 'B', 'B', 'G']]",Needy Player (Blue),NP-Blue (Need=1),True,tile_with_judge_implementation,True,True,1,0,0,0,0,70,0,0,0,0,0,140,False,False,0,0,0,0,0,0,0,0,0,0,0,0,0,0,0,0,0,0,0,0,0,0,0,0,0,0,0,0,0,0,0,0,0,1,6,,0,0,0,0,0,0,0,0,0,0,0,0,0,0,0,0,0,0,0,0,0,0,0,0,0,0,1,3,0,3,1
FOUR_1-FOUR_1,120,56,ctx1_fog00_p4ptrue_contract_contract_for_finishing_selfish11_contractonly_nir,20260531_231239_235417_889ad681,default,True,"[False, False]","[True, True]","[['G', 'B', 'B', 'B'], ['R', 'B', 'B', 'B'], ['R', 'R', 'R', 'R'], ['R', 'B', 'R', 'G']]",Needy Player (Blue),NP-Blue (Need=1),True,contract_for_finishing,True,True,1,0,0,0,0,70,0,0,0,0,0,140,False,False,0,0,0,0,0,0,0,0,0,0,0,0,0,0,0,0,0,0,0,0,0,0,0,0,0,0,0,0,0,0,0,0,0,1,2,,0,0,0,0,0,0,20,0,0,0,0,0,0,0,0,0,0,0,0,0,0,0,0,0,0,0,1,3,0,3,1
FOUR_1-FOUR_1,120,56,ctx1_fog00_p4ptrue_contract_contract_for_finishing_selfish11_opv00_contractonly_nir,20260531_231154_478867_e331c3de,default,True,"[False, False]","[False, False]","[['G', 'B', 'B', 'B'], ['R', 'B', 'B', 'B'], ['R', 'R', 'R', 'R'], ['R', 'B', 'R', 'G']]",Needy Player (Blue),NP-Blue (Need=1),True,contract_for_finishing,True,True,1,0,0,0,0,70,0,0,0,0,0,140,False,False,0,0,0,0,0,0,0,0,0,0,0,0,0,0,0,0,0,0,0,0,0,0,0,0,0,0,0,0,0,0,0,0,0,1,4,,0,0,0,0,0,0,6,0,0,0,0,0,0,0,0,0,0,0,0,0,0,0,0,0,0,0,1,3,0,3,1
FOUR_1-FOUR_1,120,56,ctx1_fog00_p4ptrue_contract_strict_selfish11_contractonly_nir,20260531_230911_699220_43f06697,default,True,"[False, False]","[True, True]","[['G', 'B', 'B', 'B'], ['R', 'B', 'B', 'B'], ['R', 'R', 'R', 'R'], ['R', 'B', 'R', 'G']]",Needy Player (Blue),NP-Blue (Need=1),True,strict,True,True,1,0,0,0,0,70,0,0,0,0,0,140,False,False,0,0,0,0,0,0,0,0,0,0,0,0,0,0,0,0,0,0,0,0,0,0,0,0,0,0,0,0,0,0,0,0,0,0,8,0.0,0,0,0,0,0,0,0,0,0,0,0,0,0,0,0,0,0,0,0,0,0,0,0,0,0,0,1,3,0,3,1
FOUR_1-FOUR_1,120,56,ctx1_fog00_p4ptrue_contract_strict_selfish11_opv00_contractonly_nir,20260531_230624_952198_af051a67,default,True,"[False, False]","[False, False]","[['G', 'B', 'B', 'B'], ['R', 'B', 'B', 'B'], ['R', 'R', 'R', 'R'], ['R', 'B', 'R', 'G']]",Needy Player (Blue),NP-Blue (Need=1),True,strict,True,True,1,0,0,0,0,70,0,0,0,0,0,140,False,False,0,0,0,0,0,0,0,0,0,0,0,0,0,0,0,0,0,0,0,0,0,0,0,0,0,0,0,0,0,0,0,0,0,0,8,0.0,0,0,0,0,0,0,0,0,0,0,0,0,0,0,0,0,0,0,0,0,0,0,0,0,0,0,1,3,0,3,1
FOUR_1-FOUR_1,120,56,ctx1_fog00_p4ptrue_contract_tile_with_judge_implementation_selfish11_contractonly_nir,20260531_231339_255691_1290e875,default,True,"[False, False]","[True, True]","[['G', 'B', 'B', 'B'], ['R', 'B', 'B', 'B'], ['R', 'R', 'R', 'R'], ['R', 'B', 'R', 'G']]",Needy Player (Blue),NP-Blue (Need=1),True,tile_with_judge_implementation,True,True,1,0,0,0,0,70,0,0,0,0,0,140,False,False,0,0,0,0,0,0,0,0,0,0,0,0,0,0,0,0,0,0,0,0,0,0,0,0,0,0,0,0,0,0,0,0,0,0,8,0.0,0,0,0,0,0,0,0,0,0,0,0,0,0,0,0,0,0,0,0,0,0,0,0,0,0,0,1,3,0,3,1
FOUR_1-FOUR_1,120,56,ctx1_fog00_p4ptrue_contract_tile_with_judge_implementation_selfish11_opv00_contractonly_nir,20260531_231309_245641_cd2f8f73,default,True,"[False, False]","[False, False]","[['G', 'B', 'B', 'B'], ['R', 'B', 'B', 'B'], ['R', 'R', 'R', 'R'], ['R', 'B', 'R', 'G']]",Needy Player (Blue),NP-Blue (Need=1),True,tile_with_judge_implementation,True,True,1,0,0,0,0,70,0,0,0,0,0,140,False,False,0,0,0,0,0,0,0,0,0,0,0,0,0,0,0,0,0,0,0,0,0,0,0,0,0,0,0,0,0,0,0,0,0,1,3,,0,0,0,0,0,0,0,0,0,0,0,0,0,0,0,0,0,0,0,0,0,0,0,0,0,0,1,3,0,3,1
FOUR_1-FOUR_1,121,57,ctx1_fog00_p4ptrue_contract_contract_for_finishing_selfish11_contractonly_nir,20260531_232043_582288_f63c01c5,default,True,"[False, False]","[True, True]","[['G', 'R', 'B', 'B'], ['B', 'R', 'R', 'R'], ['B', 'B', 'R', 'B'], ['R', 'B', 'R', 'G']]",Needy Player (Blue),NP-Blue (Need=1),True,contract_for_finishing,True,True,1,0,0,0,0,70,0,0,0,0,0,140,False,False,0,0,0,0,0,0,0,0,0,0,0,0,0,0,0,0,0,0,0,0,0,0,0,0,0,0,0,0,0,0,0,0,0,1,3,,0,0,0,0,0,0,10,0,0,0,0,0,0,0,0,0,0,0,0,0,0,0,0,0,0,0,1,3,0,3,1
FOUR_1-FOUR_1,121,57,ctx1_fog00_p4ptrue_contract_contract_for_finishing_selfish11_opv00_contractonly_nir,20260531_232013_571747_256c8d71,default,True,"[False, False]","[False, False]","[['G', 'R', 'B', 'B'], ['B', 'R', 'R', 'R'], ['B', 'B', 'R', 'B'], ['R', 'B', 'R', 'G']]",Needy Player (Blue),NP-Blue (Need=1),True,contract_for_finishing,True,True,1,0,0,0,0,70,0,0,0,0,0,140,False,False,0,0,0,0,0,0,0,0,0,0,0,0,0,0,0,0,0,0,0,0,0,0,0,0,0,0,0,0,0,0,0,0,0,1,3,,0,0,0,0,0,0,0,0,0,0,0,0,0,0,0,0,0,0,0,0,0,0,0,0,0,0,1,3,0,3,1
FOUR_1-FOUR_1,121,57,ctx1_fog00_p4ptrue_contract_strict_selfish11_contractonly_nir,20260531_231922_571003_ecb1a97a,default,True,"[False, False]","[True, True]","[['G', 'R', 'B', 'B'], ['B', 'R', 'R', 'R'], ['B', 'B', 'R', 'B'], ['R', 'B', 'R', 'G']]",Needy Player (Blue),NP-Blue (Need=1),True,strict,True,True,1,0,0,0,0,70,0,0,0,0,0,140,False,False,0,0,0,0,0,0,0,0,0,0,0,0,0,0,0,0,0,0,0,0,0,0,0,0,0,0,0,0,0,0,0,0,0,1,3,2.0,1,1,0,0,0,0,0,0,0,0,0,0,0,0,0,0,0,0,0,0,0,0,0,0,0,0,1,3,0,3,1
FOUR_1-FOUR_1,121,57,ctx1_fog00_p4ptrue_contract_strict_selfish11_opv00_contractonly_nir,20260531_231615_800910_f36ed63f,default,True,"[False, False]","[False, False]","[['G', 'R', 'B', 'B'], ['B', 'R', 'R', 'R'], ['B', 'B', 'R', 'B'], ['R', 'B', 'R', 'G']]",Needy Player (Blue),NP-Blue (Need=1),True,strict,True,True,1,0,0,0,0,70,0,0,0,0,0,140,False,False,0,0,0,0,0,0,0,0,0,0,0,0,0,0,0,0,0,0,0,0,0,0,0,0,0,0,0,0,0,0,0,0,0,0,8,0.0,0,0,0,0,0,0,0,0,0,0,0,0,0,0,0,0,0,0,0,0,0,0,0,0,0,0,1,3,0,3,1
FOUR_1-FOUR_1,121,57,ctx1_fog00_p4ptrue_contract_tile_with_judge_implementation_selfish11_contractonly_nir,20260531_232332_496880_b4284f18,default,True,"[False, False]","[True, True]","[['G', 'R', 'B', 'B'], ['B', 'R', 'R', 'R'], ['B', 'B', 'R', 'B'], ['R', 'B', 'R', 'G']]",Needy Player (Blue),NP-Blue (Need=1),True,tile_with_judge_implementation,True,True,1,0,0,0,0,70,0,0,0,0,0,140,False,False,0,0,0,0,0,0,0,0,0,0,0,0,0,0,0,0,0,0,0,0,0,0,0,0,0,0,0,0,0,0,0,0,0,1,3,,0,0,0,0,0,0,0,0,0,0,0,0,0,0,0,0,0,0,0,0,0,0,0,0,0,0,1,3,0,3,1
FOUR_1-FOUR_1,121,57,ctx1_fog00_p4ptrue_contract_tile_with_judge_implementation_selfish11_opv00_contractonly_nir,20260531_232119_370190_40e3aa1e,default,True,"[False, False]","[False, False]","[['G', 'R', 'B', 'B'], ['B', 'R', 'R', 'R'], ['B', 'B', 'R', 'B'], ['R', 'B', 'R', 'G']]",Needy Player (Blue),NP-Blue (Need=1),True,tile_with_judge_implementation,True,True,1,0,0,0,0,70,0,0,0,0,0,140,False,False,0,0,0,0,0,0,0,0,0,0,0,0,0,0,0,0,0,0,0,0,0,0,0,0,0,0,0,0,0,0,0,0,0,1,3,,0,0,0,0,0,0,0,0,0,0,0,0,0,0,0,0,0,0,0,0,0,0,0,0,0,0,1,3,0,3,1
FOUR_1-FOUR_1,122,58,ctx1_fog00_p4ptrue_contract_contract_for_finishing_selfish11_contractonly_nir,20260531_232545_952918_46f87b71,default,True,"[False, False]","[True, True]","[['G', 'B', 'B', 'B'], ['R', 'B', 'B', 'B'], ['R', 'R', 'R', 'R'], ['B', 'R', 'R', 'G']]",Needy Player (Blue),NP-Blue (Need=1),True,contract_for_finishing,True,True,1,0,0,0,0,70,0,0,0,0,0,140,False,False,0,0,0,0,0,0,0,0,0,0,0,0,0,0,0,0,0,0,0,0,0,0,0,0,0,0,0,0,0,0,0,0,0,1,2,,0,0,0,0,0,0,0,0,0,0,0,0,0,0,0,0,0,0,0,0,0,0,0,0,0,0,1,3,0,3,1
FOUR_1-FOUR_1,122,58,ctx1_fog00_p4ptrue_contract_contract_for_finishing_selfish11_opv00_contractonly_nir,20260531_232512_650357_a36e36fa,default,True,"[False, False]","[False, False]","[['G', 'B', 'B', 'B'], ['R', 'B', 'B', 'B'], ['R', 'R', 'R', 'R'], ['B', 'R', 'R', 'G']]",Needy Player (Blue),NP-Blue (Need=1),True,contract_for_finishing,True,True,1,0,0,0,0,70,0,0,0,0,0,140,False,False,0,0,0,0,0,0,0,0,0,0,0,0,0,0,0,0,0,0,0,0,0,0,0,0,0,0,0,0,0,0,0,0,0,1,2,,0,0,0,0,0,0,20,0,0,0,0,0,0,0,0,0,0,0,0,0,0,0,0,0,0,0,1,3,0,3,1
FOUR_1-FOUR_1,122,58,ctx1_fog00_p4ptrue_contract_strict_selfish11_contractonly_nir,20260531_232434_742168_07513e31,default,True,"[False, False]","[True, True]","[['G', 'B', 'B', 'B'], ['R', 'B', 'B', 'B'], ['R', 'R', 'R', 'R'], ['B', 'R', 'R', 'G']]",Needy Player (Blue),NP-Blue (Need=1),True,strict,True,True,1,0,0,0,0,70,0,0,0,0,0,140,False,False,0,0,0,0,0,0,0,0,0,0,0,0,0,0,0,0,0,0,0,0,0,0,0,0,0,0,0,0,0,0,0,0,0,1,3,2.0,1,1,0,0,0,0,0,0,0,0,0,0,0,0,0,0,0,0,0,0,0,0,0,0,0,0,1,3,0,3,1
FOUR_1-FOUR_1,122,58,ctx1_fog00_p4ptrue_contract_strict_selfish11_opv00_contractonly_nir,20260531_232402_502067_38eb2c05,default,True,"[False, False]","[False, False]","[['G', 'B', 'B', 'B'], ['R', 'B', 'B', 'B'], ['R', 'R', 'R', 'R'], ['B', 'R', 'R', 'G']]",Needy Player (Blue),NP-Blue (Need=1),True,strict,True,True,1,0,0,0,0,70,0,0,0,0,0,140,False,False,0,0,0,0,0,0,0,0,0,0,0,0,0,0,0,0,0,0,0,0,0,0,0,0,0,0,0,0,0,0,0,0,0,1,4,2.0,1,1,0,0,0,0,0,0,0,0,0,0,0,0,0,0,0,0,0,0,0,0,0,0,0,0,1,3,0,3,1
FOUR_1-FOUR_1,122,58,ctx1_fog00_p4ptrue_contract_tile_with_judge_implementation_selfish11_contractonly_nir,20260531_232851_832607_eb95105d,default,True,"[False, False]","[True, True]","[['G', 'B', 'B', 'B'], ['R', 'B', 'B', 'B'], ['R', 'R', 'R', 'R'], ['B', 'R', 'R', 'G']]",Needy Player (Blue),NP-Blue (Need=1),True,tile_with_judge_implementation,True,True,1,0,0,0,0,70,0,0,0,0,0,140,False,False,0,0,0,0,0,0,0,0,0,0,0,0,0,0,0,0,0,0,0,0,0,0,0,0,0,0,0,0,0,0,0,0,0,1,2,,0,0,0,0,0,0,0,0,0,0,0,0,0,0,0,0,0,0,0,0,0,0,0,0,0,0,1,3,0,3,1
FOUR_1-FOUR_1,122,58,ctx1_fog00_p4ptrue_contract_tile_with_judge_implementation_selfish11_opv00_contractonly_nir,20260531_232615_965758_fb7147be,default,True,"[False, False]","[False, False]","[['G', 'B', 'B', 'B'], ['R', 'B', 'B', 'B'], ['R', 'R', 'R', 'R'], ['B', 'R', 'R', 'G']]",Needy Player (Blue),NP-Blue (Need=1),True,tile_with_judge_implementation,True,True,1,0,0,0,0,70,0,0,0,0,0,140,False,False,0,0,0,0,0,0,0,0,0,0,0,0,0,0,0,0,0,0,0,0,0,0,0,0,0,0,0,0,0,0,0,0,0,0,8,0.0,0,0,0,0,0,0,0,0,0,0,0,0,0,0,0,0,0,0,0,0,0,0,0,0,0,0,1,3,0,3,1
FOUR_1-FOUR_1,123,59,ctx1_fog00_p4ptrue_contract_contract_for_finishing_selfish11_contractonly_nir,20260531_233334_971309_9ce3ef7e,default,True,"[False, False]","[True, True]","[['G', 'R', 'R', 'R'], ['B', 'B', 'B', 'R'], ['B', 'B', 'B', 'R'], ['B', 'R', 'R', 'G']]",Needy Player (Blue),NP-Blue (Need=1),True,contract_for_finishing,True,True,1,0,0,0,0,70,0,0,0,0,0,140,False,False,0,0,0,0,0,0,0,0,0,0,0,0,0,0,0,0,0,0,0,0,0,0,0,0,0,0,0,0,0,0,0,0,0,1,2,,0,0,0,0,0,0,0,0,0,0,0,0,0,0,0,0,0,0,0,0,0,0,0,0,0,0,1,3,0,3,1
FOUR_1-FOUR_1,123,59,ctx1_fog00_p4ptrue_contract_contract_for_finishing_selfish11_opv00_contractonly_nir,20260531_233243_518909_a0d90b69,default,True,"[False, False]","[False, False]","[['G', 'R', 'R', 'R'], ['B', 'B', 'B', 'R'], ['B', 'B', 'B', 'R'], ['B', 'R', 'R', 'G']]",Needy Player (Blue),NP-Blue (Need=1),True,contract_for_finishing,True,True,1,0,0,0,0,70,0,0,0,0,0,140,False,False,0,0,0,0,0,0,0,0,0,0,0,0,0,0,0,0,0,0,0,0,0,0,0,0,0,0,0,0,0,0,0,0,0,1,3,,0,0,0,0,0,0,7,0,0,0,0,0,0,0,0,0,0,0,0,0,0,0,0,0,0,0,1,3,0,3,1
FOUR_1-FOUR_1,123,59,ctx1_fog00_p4ptrue_contract_strict_selfish11_contractonly_nir,20260531_232956_022243_121d56db,default,True,"[False, False]","[True, True]","[['G', 'R', 'R', 'R'], ['B', 'B', 'B', 'R'], ['B', 'B', 'B', 'R'], ['B', 'R', 'R', 'G']]",Needy Player (Blue),NP-Blue (Need=1),True,strict,True,True,1,0,0,0,0,70,0,0,0,0,0,140,False,False,0,0,0,0,0,0,0,0,0,0,0,0,0,0,0,0,0,0,0,0,0,0,0,0,0,0,0,0,0,0,0,0,0,0,8,0.0,0,0,0,0,0,0,0,0,0,0,0,0,0,0,0,0,0,0,0,0,0,0,0,0,0,0,1,3,0,3,1
FOUR_1-FOUR_1,123,59,ctx1_fog00_p4ptrue_contract_strict_selfish11_opv00_contractonly_nir,20260531_232921_845353_0e29598c,default,True,"[False, False]","[False, False]","[['G', 'R', 'R', 'R'], ['B', 'B', 'B', 'R'], ['B', 'B', 'B', 'R'], ['B', 'R', 'R', 'G']]",Needy Player (Blue),NP-Blue (Need=1),True,strict,True,True,1,0,0,0,0,70,0,0,0,0,0,140,False,False,0,0,0,0,0,0,0,0,0,0,0,0,0,0,0,0,0,0,0,0,0,0,0,0,0,0,0,0,0,0,0,0,0,1,4,2.0,1,1,0,0,0,0,0,0,0,0,0,0,0,0,0,0,0,0,0,0,0,0,0,0,0,0,1,3,0,3,1
FOUR_1-FOUR_1,123,59,ctx1_fog00_p4ptrue_contract_tile_with_judge_implementation_selfish11_contractonly_nir,20260531_233434_991800_f17e38ec,default,True,"[False, False]","[True, True]","[['G', 'R', 'R', 'R'], ['B', 'B', 'B', 'R'], ['B', 'B', 'B', 'R'], ['B', 'R', 'R', 'G']]",Needy Player (Blue),NP-Blue (Need=1),True,tile_with_judge_implementation,True,True,1,0,0,0,0,70,0,0,0,0,0,140,False,False,0,0,0,0,0,0,0,0,0,0,0,0,0,0,0,0,0,0,0,0,0,0,0,0,0,0,0,0,0,0,0,0,0,1,2,,0,0,0,0,0,0,0,0,0,0,0,0,0,0,0,0,0,0,0,0,0,0,0,0,0,0,1,3,0,3,1
FOUR_1-FOUR_1,123,59,ctx1_fog00_p4ptrue_contract_tile_with_judge_implementation_selfish11_opv00_contractonly_nir,20260531_233404_982019_1b711d22,default,True,"[False, False]","[False, False]","[['G', 'R', 'R', 'R'], ['B', 'B', 'B', 'R'], ['B', 'B', 'B', 'R'], ['B', 'R', 'R', 'G']]",Needy Player (Blue),NP-Blue (Need=1),True,tile_with_judge_implementation,True,True,1,0,0,0,0,70,0,0,0,0,0,140,False,False,0,0,0,0,0,0,0,0,0,0,0,0,0,0,0,0,0,0,0,0,0,0,0,0,0,0,0,0,0,0,0,0,0,1,5,,0,0,0,0,0,0,0,0,0,0,0,0,0,0,0,0,0,0,0,0,0,0,0,0,0,0,1,3,0,3,1
